Incident energy ; 
Incident energy ; 
Incident energy ; Ïƒ(E)
1.0E-5 ; 30933.41
1.0115794542598983E-5 ; 30762.28234045284
1.0232929922807536E-5 ; 30589.173115999343
1.0351421666793431E-5 ; 30414.059381199328
1.0471285480508985E-5 ; 30236.917924916914
1.0592537251772876E-5 ; 30057.725267243943
1.071519305237607E-5 ; 29887.726737123783
1.0839269140212039E-5 ; 29719.862708977453
1.0964781961431852E-5 ; 29550.054906995312
1.109174815262401E-5 ; 29378.280823337147
1.122018454301963E-5 ; 29204.51768953423
1.1350108156723144E-5 ; 29039.5797820856
1.1481536214968817E-5 ; 28875.997060821777
1.1614486138403414E-5 ; 28710.52014091936
1.1748975549395302E-5 ; 28543.12708859184
1.188502227437019E-5 ; 28374.743261979555
1.2022644346174132E-5 ; 28216.462465732973
1.216186000646368E-5 ; 28056.348864246047
1.230268770812381E-5 ; 27894.38123463431
1.2445146117713844E-5 ; 27730.5381082639
1.2589254117941661E-5 ; 27575.505405927106
1.2735030810166604E-5 ; 27425.33442109173
1.2882495516931348E-5 ; 27273.424538206273
1.3031667784523E-5 ; 27119.755621780343
1.3182567385564074E-5 ; 26964.307303165482
1.333521432163324E-5 ; 26807.05897785545
1.3489628825916533E-5 ; 26647.989802755037
1.3645831365889238E-5 ; 26487.0786934174
1.3803842646028839E-5 ; 26331.390874948996
1.3963683610559363E-5 ; 26187.769292771314
1.4125375446227526E-5 ; 26042.484651052077
1.4288939585111037E-5 ; 25895.51769246935
1.445439770745928E-5 ; 25746.848936712027
1.4621771744567184E-5 ; 25596.45867789754
1.4791083881682072E-5 ; 25444.32698195997
1.4962356560944327E-5 ; 25290.433684007814
1.5135612484362071E-5 ; 25149.101846897123
1.5310874616820287E-5 ; 25010.161038769547
1.5488166189124797E-5 ; 24869.611371909425
1.5667510701081502E-5 ; 24727.43421661063
1.584893192461114E-5 ; 24583.610727445273
1.6032453906900417E-5 ; 24438.121840765623
1.62181009735893E-5 ; 24290.948272177346
1.6405897731995387E-5 ; 24155.561280119287
1.6595869074375598E-5 ; 24021.39895881817
1.6788040181225588E-5 ; 23885.683111054143
1.6982436524617425E-5 ; 23748.395747838586
1.7179083871575893E-5 ; 23609.518671880185
1.7378008287493764E-5 ; 23469.033475173004
1.757923613958693E-5 ; 23332.615128602516
1.778279410038923E-5 ; 23203.484472124284
1.7988709151287874E-5 ; 23072.858553115813
1.8197008586099827E-5 ; 22940.720057253024
1.8407720014689545E-5 ; 22807.05146972142
1.8620871366628657E-5 ; 22671.83507289451
1.8836490894897984E-5 ; 22540.279761745827
1.9054607179632484E-5 ; 22415.09497375045
1.9275249131909368E-5 ; 22288.460614228465
1.9498445997580456E-5 ; 22160.359897932663
1.9724227361148534E-5 ; 22030.775845251854
1.9952623149688786E-5 ; 21899.691279960214
2.0183663636815596E-5 ; 21777.226665378614
2.0417379446695274E-5 ; 21655.989359251806
2.065380155810527E-5 ; 21533.34819128411
2.089296130854041E-5 ; 21409.286905521527
2.1134890398366476E-5 ; 21283.78905777506
2.1379620895022323E-5 ; 21156.838013440887
2.1627185237270203E-5 ; 21037.05145932949
2.187761623949552E-5 ; 20919.725005428092
2.2130947096056366E-5 ; 20801.03997522027
2.238721138568338E-5 ; 20680.980637133813
2.2646443075930573E-5 ; 20559.53107743352
2.290867652767775E-5 ; 20436.675198111763
2.3173946499684798E-5 ; 20323.620112158478
2.344228815319923E-5 ; 20209.34013743476
2.3713737056616554E-5 ; 20093.73686297091
2.39883291901949E-5 ; 19976.794965678106
2.4266100950824144E-5 ; 19858.498945034535
2.4547089156850286E-5 ; 19745.451436489177
2.483133105295568E-5 ; 19634.784773886513
2.511886431509577E-5 ; 19522.83665172615
2.5409727055493064E-5 ; 19409.59223140573
2.5703957827688645E-5 ; 19295.036502500043
2.600159563165272E-5 ; 19184.85144073903
2.6302679918953814E-5 ; 19077.13868798332
2.6607250597988085E-5 ; 18968.17868033387
2.691534803926914E-5 ; 18857.95697525968
2.72270130807791E-5 ; 18746.458962993132
2.7542287033381633E-5 ; 18640.98537189175
2.7861211686297722E-5 ; 18535.67061390075
2.818382931264455E-5 ; 18429.13636848672
2.8510182675039097E-5 ; 18321.368514650803
2.8840315031266056E-5 ; 18216.132283558447
2.917427014001166E-5 ; 18117.49423824937
2.951209226666384E-5 ; 18017.71401820635
2.985382618917957E-5 ; 17916.7783976693
3.019951720402013E-5 ; 17814.673997731046
3.054921113215516E-5 ; 17711.387284563953
3.090295432513592E-5 ; 17606.90456762611
3.126079367123956E-5 ; 17501.21199784653
3.1622776601683795E-5 ; 17394.29556578958
3.1988951096913973E-5 ; 17299.360877685347
3.235936569296281E-5 ; 17204.08821196004
3.273406948788379E-5 ; 17107.712340759754
3.3113112148259076E-5 ; 17010.220489567142
3.3496543915782727E-5 ; 16911.599735942935
3.3884415613920276E-5 ; 16811.83700781304
3.427677865464505E-5 ; 16710.919081735938
3.467368504525317E-5 ; 16612.519596306134
3.5075187395256795E-5 ; 16521.53040325246
3.5481338923357534E-5 ; 16429.48760499967
3.58921934645005E-5 ; 16336.379001374564
3.63078054770101E-5 ; 16242.192250932576
3.6728230049808425E-5 ; 16146.914869321954
3.715352290971728E-5 ; 16050.534227628954
3.758374042884443E-5 ; 15956.033457565562
3.8018939632056124E-5 ; 15868.273824656853
3.8459178204535356E-5 ; 15779.497983093013
3.8904514499428046E-5 ; 15689.694165732402
3.935500754557772E-5 ; 15598.8504691763
3.9810717055349695E-5 ; 15506.954852191126
4.027170343254587E-5 ; 15413.995134112385
4.07380277804113E-5 ; 15327.48627108148
4.120975190973304E-5 ; 15242.125632567186
4.168693834703355E-5 ; 15155.776564443622
4.216965034285822E-5 ; 15068.42762123534
4.265795188015926E-5 ; 14980.067224934523
4.31519076827765E-5 ; 14890.683663466356
4.3651583224016566E-5 ; 14807.069941554564
4.415704473533121E-5 ; 14724.987207432725
4.466835921509626E-5 ; 14641.95400004559
4.518559443749226E-5 ; 14557.959313431453
4.5708818961487516E-5 ; 14472.992014185604
4.6238102139926034E-5 ; 14387.040839984553
4.677351412871981E-5 ; 14302.274910234091
4.731512589614803E-5 ; 14223.3359025227
4.7863009232263804E-5 ; 14143.482824182192
4.841723675840989E-5 ; 14062.705090773528
4.897788193684456E-5 ; 13980.991995295642
4.954501908047905E-5 ; 13898.332706766218
5.011872336272725E-5 ; 13816.324581490077
5.0699070827470445E-5 ; 13739.601718095084
5.128613839913648E-5 ; 13661.990445812718
5.1880003892896095E-5 ; 13583.480477352909
5.248074602497723E-5 ; 13504.061406304369
5.308844442309879E-5 ; 13423.722705755263
5.3703179637025216E-5 ; 13348.91638760866
5.432503314924336E-5 ; 13273.657188145971
5.495408738576248E-5 ; 13197.52652822548
5.559042572704037E-5 ; 13120.514316810666
5.623413251903491E-5 ; 13042.61034601632
5.688529308438413E-5 ; 12969.953926812334
5.7543993733715664E-5 ; 12896.611561713164
5.82103217770871E-5 ; 12822.419932052015
5.888436553555884E-5 ; 12747.369203808737
5.9566214352901096E-5 ; 12673.066643601676
6.0255958607435806E-5 ; 12602.101340331916
6.095368972401694E-5 ; 12530.314297578905
6.165950018614822E-5 ; 12457.69600004788
6.237348354824191E-5 ; 12384.23682226216
6.309573444801929E-5 ; 12316.320925971007
6.382634861905483E-5 ; 12248.992199899069
6.456542290346549E-5 ; 12180.883843923202
6.531305526474715E-5 ; 12111.986830354597
6.606934480075965E-5 ; 12042.292026968717
6.683439175686149E-5 ; 11971.790195794889
6.760829753919819E-5 ; 11900.471991891747
6.839116472814293E-5 ; 11828.327962108608
6.918309709189363E-5 ; 11760.445923365223
6.998419960022731E-5 ; 11696.050099335329
7.079457843841373E-5 ; 11630.908606806552
7.161434102129013E-5 ; 11565.012811344615
7.244359600749906E-5 ; 11498.353978533196
7.328245331389045E-5 ; 11430.923272816231
7.413102413009176E-5 ; 11362.711756326704
7.498942093324559E-5 ; 11293.710387701987
7.585775750291836E-5 ; 11232.02783789303
7.673614893618186E-5 ; 11169.732317445983
7.762471166286911E-5 ; 11106.715448869323
7.852356346100711E-5 ; 11042.968879345375
7.943282347242822E-5 ; 10978.48415933539
8.035261221856177E-5 ; 10913.2527414596
8.128305161640995E-5 ; 10847.521772433927
8.222426499470712E-5 ; 10788.055158222409
8.317637711026709E-5 ; 10727.899953071637
8.413951416451947E-5 ; 10667.048183474328
8.51138038202376E-5 ; 10605.49178359433
8.609937521845998E-5 ; 10543.222594197523
8.709635899560796E-5 ; 10480.232361570292
8.810488730080147E-5 ; 10420.400468085234
8.912509381337459E-5 ; 10362.500075753265
9.015711376059571E-5 ; 10303.929228476656
9.120108393559096E-5 ; 10244.680162753046
9.225714271547629E-5 ; 10184.745025182947
9.332543007969905E-5 ; 10124.115871428794
9.440608762859227E-5 ; 10066.331527369106
9.54992586021435E-5 ; 10010.199908941266
9.66050878989814E-5 ; 9953.418317005297
9.772372209558111E-5 ; 9895.979225222707
9.88553094656939E-5 ; 9837.875020104093
1.0E-4 ; 9779.098
1.0115794542598982E-4 ; 9724.96618195456
1.0232929922807536E-4 ; 9670.207546998055
1.035142166679344E-4 ; 9614.814836932735
1.0471285480508996E-4 ; 9558.780709514886
1.0592537251772886E-4 ; 9502.097737481608
1.0715193052376059E-4 ; 9448.321826834072
1.0839269140212028E-4 ; 9395.220636109865
1.0964781961431851E-4 ; 9341.504562576518
1.1091748152624009E-4 ; 9287.166486226675
1.122018454301963E-4 ; 9232.199204607168
1.1350108156723143E-4 ; 9180.02329532361
1.148153621496883E-4 ; 9128.275968236865
1.1614486138403426E-4 ; 9075.929435343054
1.174897554939529E-4 ; 9022.976758165933
1.1885022274370177E-4 ; 8969.710623978266
1.2022644346174131E-4 ; 8919.639970935636
1.2161860006463679E-4 ; 8868.989527056337
1.230268770812381E-4 ; 8817.752578678897
1.2445146117713845E-4 ; 8765.922334401303
1.2589254117941674E-4 ; 8716.878011205636
1.2735030810166617E-4 ; 8669.370903287125
1.2882495516931337E-4 ; 8621.313688985452
1.3031667784522987E-4 ; 8572.699998368917
1.3182567385564074E-4 ; 8523.523387745478
1.333521432163324E-4 ; 8473.777338808672
1.3489628825916533E-4 ; 8423.45525777359
1.364583136588924E-4 ; 8372.550474502901
1.3803842646028852E-4 ; 8323.297430995137
1.3963683610559378E-4 ; 8277.86027118106
1.412537544622754E-4 ; 8231.896973853216
1.428893958511102E-4 ; 8185.4014466263325
1.445439770745928E-4 ; 8138.367526568629
1.4621771744567183E-4 ; 8090.788979384958
1.4791083881682073E-4 ; 8042.659498590421
1.4962356560944327E-4 ; 7993.972704674472
1.5135612484362072E-4 ; 7949.259087042142
1.5310874616820304E-4 ; 7905.301661705145
1.548816618912481E-4 ; 7860.835233372082
1.5667510701081484E-4 ; 7815.853908066034
1.5848931924611126E-4 ; 7770.351723561054
1.603245390690042E-4 ; 7724.322648591869
1.6218100973589298E-4 ; 7677.760582054458
1.6405897731995388E-4 ; 7634.925961326579
1.6595869074375596E-4 ; 7592.478460630997
1.6788040181225607E-4 ; 7549.53944104266
1.6982436524617443E-4 ; 7506.103211041039
1.7179083871575877E-4 ; 7462.1640132008915
1.7378008287493744E-4 ; 7417.716023429139
1.757923613958693E-4 ; 7374.553975617757
1.7782794100389227E-4 ; 7333.696473110996
1.7988709151287873E-4 ; 7292.365863022782
1.8197008586099826E-4 ; 7250.5566670255175
1.8407720014689563E-4 ; 7208.2633433555575
1.8620871366628676E-4 ; 7165.480286078665
1.8836490894898002E-4 ; 7123.855253486523
1.9054607179632462E-4 ; 7084.245336178744
1.9275249131909367E-4 ; 7044.1767576452585
1.9498445997580456E-4 ; 7003.644206839389
1.9724227361148534E-4 ; 6962.642311215426
1.9952623149688788E-4 ; 6921.165636016515
2.0183663636815598E-4 ; 6882.852276246889
2.0417379446695296E-4 ; 6845.046032895455
2.0653801558105292E-4 ; 6806.802013878395
2.0892961308540387E-4 ; 6768.1151499924135
2.1134890398366455E-4 ; 6728.980313335605
2.1379620895022324E-4 ; 6689.392316627757
2.1627185237270202E-4 ; 6649.345912522793
2.1877616239495518E-4 ; 6608.886931674561
2.2130947096056364E-4 ; 6572.859500797484
2.23872113856834E-4 ; 6536.414891932462
2.2646443075930594E-4 ; 6499.548274386068
2.2908676527677723E-4 ; 6462.254761528081
2.3173946499684773E-4 ; 6424.529410143763
2.3442288153199226E-4 ; 6386.367219778648
2.3713737056616554E-4 ; 6347.763132075747
2.39883291901949E-4 ; 6312.501782001397
2.4266100950824144E-4 ; 6277.41543093798
2.454708915685031E-4 ; 6241.922799077272
2.4831331052955704E-4 ; 6206.019181909374
2.5118864315095795E-4 ; 6169.699820448716
2.540972705549304E-4 ; 6132.959900603274
2.570395782768865E-4 ; 6096.832247891083
2.600159563165272E-4 ; 6063.148220451104
2.6302679918953814E-4 ; 6029.074150356095
2.6607250597988083E-4 ; 5994.605521124971
2.691534803926914E-4 ; 5959.737763978265
2.7227013080779127E-4 ; 5924.46625723253
2.754228703338166E-4 ; 5889.251889010477
2.7861211686297695E-4 ; 5856.67003618913
2.8183829312644523E-4 ; 5823.710903293336
2.85101826750391E-4 ; 5790.370121625726
2.8840315031266055E-4 ; 5756.64327190181
2.917427014001166E-4 ; 5722.525883664185
2.951209226666384E-4 ; 5689.292889396316
2.98538261891796E-4 ; 5657.570139449885
3.019951720402016E-4 ; 5625.480057371453
3.0549211132155124E-4 ; 5593.018389655399
3.090295432513589E-4 ; 5560.180833542827
3.126079367123956E-4 ; 5527.049299471784
3.1622776601683794E-4 ; 5496.339825998272
3.1988951096913973E-4 ; 5465.274753581329
3.235936569296281E-4 ; 5433.849964579253
3.273406948788383E-4 ; 5402.061293670297
3.311311214825911E-4 ; 5369.904527300571
3.3496543915782756E-4 ; 5339.9417312606165
3.388441561392024E-4 ; 5309.715044973441
3.427677865464505E-4 ; 5279.1383501549735
3.467368504525317E-4 ; 5248.2075938974385
3.507518739525679E-4 ; 5217.569638805743
3.548133892335753E-4 ; 5189.434818458223
3.58921934645005E-4 ; 5160.974212245379
3.630780547701014E-4 ; 5132.184047744681
3.672823004980846E-4 ; 5103.060508851016
3.715352290971724E-4 ; 5073.599735270843
3.7583740428844394E-4 ; 5043.797822010538
3.8018939632056124E-4 ; 5013.650818858777
3.8459178204535354E-4 ; 4983.154729862948
3.890451449942805E-4 ; 4953.754323153857
3.9355007545577726E-4 ; 4926.771952056112
3.9810717055349735E-4 ; 4899.4771398264165
4.0271703432545906E-4 ; 4871.866268566977
4.073802778041126E-4 ; 4843.935678486711
4.1209751909733E-4 ; 4815.68166741616
4.168693834703355E-4 ; 4787.100490316756
4.2169650342858224E-4 ; 4758.188358784439
4.2657951880159257E-4 ; 4730.1157180053415
4.31519076827765E-4 ; 4704.202401435398
4.365158322401661E-4 ; 4677.989022801509
4.415704473533125E-4 ; 4651.472107548734
4.4668359215096305E-4 ; 4624.648140888676
4.5185594437492215E-4 ; 4597.513567333608
4.570881896148752E-4 ; 4570.064790225196
4.6238102139926034E-4 ; 4542.298171257768
4.6773514128719813E-4 ; 4517.35795535299
4.731512589614803E-4 ; 4492.201316409289
4.7863009232263805E-4 ; 4466.7533773156065
4.841723675840994E-4 ; 4441.010764975178
4.897788193684461E-4 ; 4414.970067232624
4.954501908047901E-4 ; 4388.6278324216655
5.01187233627272E-4 ; 4362.524043304743
5.069907082747044E-4 ; 4338.224848528146
5.128613839913648E-4 ; 4313.6442823370835
5.18800038928961E-4 ; 4288.779086604129
5.248074602497723E-4 ; 4263.625965474522
5.308844442309885E-4 ; 4238.181584929298
5.370317963702527E-4 ; 4214.487015539902
5.43250331492433E-4 ; 4190.648833254256
5.495408738576242E-4 ; 4166.534617827193
5.559042572704037E-4 ; 4142.141172945576
5.623413251903491E-4 ; 4117.465265284714
5.688529308438414E-4 ; 4094.4503653841116
5.754399373371566E-4 ; 4071.2181515703446
5.821032177708716E-4 ; 4047.7169213993625
5.888436553555889E-4 ; 4023.9435598085665
5.956621435290103E-4 ; 4000.406697055878
6.025595860743575E-4 ; 3977.925669439436
6.095368972401694E-4 ; 3955.1843237919934
6.165950018614823E-4 ; 3932.1796457728187
6.237348354824192E-4 ; 3908.908586136757
6.30957344480193E-4 ; 3887.390983880511
6.382634861905482E-4 ; 3866.058803560285
6.456542290346556E-4 ; 3844.479608233774
6.531305526474723E-4 ; 3822.6505376020164
6.606934480075957E-4 ; 3800.568698245342
6.683439175686143E-4 ; 3778.231163239863
6.760829753919819E-4 ; 3755.6349717695075
6.839116472814292E-4 ; 3732.777128733574
6.918309709189362E-4 ; 3711.2682894663553
6.99841996002273E-4 ; 3690.862862726882
7.07945784384138E-4 ; 3670.2211522818243
7.16143410212902E-4 ; 3649.3404220948228
7.244359600749898E-4 ; 3628.2179044477084
7.328245331389037E-4 ; 3606.8507995736454
7.413102413009177E-4 ; 3585.2362752860236
7.498942093324559E-4 ; 3563.371466603067
7.585775750291836E-4 ; 3543.8223561584045
7.673614893618186E-4 ; 3524.0789275912275
7.762471166286919E-4 ; 3504.1068808960213
7.852356346100719E-4 ; 3483.9035687996334
7.943282347242813E-4 ; 3463.4663133749273
8.035261221856169E-4 ; 3442.7924056858324
8.128305161640995E-4 ; 3421.960089820869
8.222426499470713E-4 ; 3403.1108236275977
8.317637711026709E-4 ; 3384.043293218609
8.413951416451947E-4 ; 3364.7549712134005
8.511380382023759E-4 ; 3345.2433009657825
8.609937521846007E-4 ; 3325.505696224996
8.709635899560805E-4 ; 3305.5395407929154
8.810488730080138E-4 ; 3286.5729644659496
8.91250938133745E-4 ; 3268.217572124776
9.01571137605957E-4 ; 3249.6496343575636
9.120108393559096E-4 ; 3230.866690004277
9.225714271547629E-4 ; 3211.866249405985
9.332543007969905E-4 ; 3192.6457940748674
9.440608762859235E-4 ; 3174.3256834584754
9.549925860214359E-4 ; 3156.5285101943496
9.660508789898131E-4 ; 3138.5252553764567
9.772372209558102E-4 ; 3120.3135326928705
9.88553094656939E-4 ; 3101.8909281994743
0.001 ; 3083.255
0.0010115794542598982 ; 3066.089617005127
0.0010232929922807535 ; 3048.725468243011
0.0010351421666793441 ; 3031.1602521145405
0.0010471285480508996 ; 3013.3916403693465
0.0010592537251772887 ; 2995.4172777971876
0.001071519305237606 ; 2978.3629887693346
0.0010839269140212038 ; 2961.5219924760518
0.0010964781961431851 ; 2944.4859866365014
0.0011091748152624009 ; 2927.2527131465604
0.001122018454301963 ; 2909.819887754494
0.0011350108156723154 ; 2893.2706925231587
0.0011481536214968829 ; 2876.8569051849727
0.0011614486138403425 ; 2860.253055147073
0.001174897554939529 ; 2843.456941587121
0.0011885022274370177 ; 2826.5612210743743
0.001202264434617413 ; 2810.6767714491048
0.001216186000646368 ; 2794.608388565957
0.0012302687708123812 ; 2778.353942578183
0.0012445146117713844 ; 2761.9112789765736
0.0012589254117941675 ; 2746.3506957850645
0.0012735030810166615 ; 2731.2766860808833
0.0012882495516931337 ; 2716.0281275708185
0.0013031667784522986 ; 2700.6029990749576
0.0013182567385564075 ; 2684.9992560092237
0.001333521432163324 ; 2669.214830114379
0.0013489628825916532 ; 2653.247629181866
0.001364583136588924 ; 2637.0955367764964
0.0013803842646028853 ; 2621.466101104693
0.0013963683610559376 ; 2607.0446099208907
0.001412537544622754 ; 2592.4561257395662
0.0014288939585111022 ; 2577.698714872943
0.001445439770745928 ; 2562.770421242194
0.0014621771744567182 ; 2547.6692661181705
0.0014791083881682072 ; 2532.393247859117
0.0014962356560944327 ; 2516.9403416453592
0.0015135612484362087 ; 2502.745557585203
0.0015310874616820303 ; 2488.7899247115265
0.0015488166189124811 ; 2474.672693225321
0.0015667510701081486 ; 2460.391991902844
0.0015848931924611126 ; 2445.945927852605
0.0016032453906900418 ; 2431.3325862644588
0.0016218100973589297 ; 2416.5500301558104
0.0016405897731995387 ; 2402.9478710921644
0.0016595869074375598 ; 2389.4679605680863
0.0016788040181225606 ; 2375.8319600366663
0.0016982436524617442 ; 2362.0380620608057
0.0017179083871575877 ; 2348.0844382742675
0.0017378008287493745 ; 2333.969239139334
0.0017579236139586931 ; 2320.2610305177604
0.0017782794100389228 ; 2307.2825006297435
0.0017988709151287874 ; 2294.153686448527
0.0018197008586099826 ; 2280.8728477640125
0.0018407720014689563 ; 2267.438224215417
0.0018620871366628676 ; 2253.848035057942
0.0018836490894898002 ; 2240.624544557101
0.0019054607179632462 ; 2228.03940942095
0.0019275249131909366 ; 2215.308545288135
0.0019498445997580456 ; 2202.4302646964056
0.0019724227361148533 ; 2189.4028606436186
0.001995262314968879 ; 2176.2246063614766
0.0020183663636815616 ; 2164.0488279428246
0.0020417379446695297 ; 2152.033466994802
0.0020653801558105293 ; 2139.878974724266
0.0020892961308540386 ; 2127.5837400664313
0.0021134890398366453 ; 2115.1461333012608
0.0021379620895022326 ; 2102.56450583745
0.00216271852372702 ; 2089.8371899939075
0.002187761623949552 ; 2076.9787166729207
0.0022130947096056365 ; 2065.525324650777
0.00223872113856834 ; 2053.9393085995907
0.0022646443075930596 ; 2042.2191328054869
0.0022908676527677724 ; 2030.3632437718572
0.0023173946499684774 ; 2018.3700700134518
0.0023442288153199225 ; 2006.2380218480791
0.0023713737056616554 ; 1993.9654911858977
0.00239883291901949 ; 1982.7536828505613
0.002426610095082414 ; 1971.5971837841792
0.002454708915685031 ; 1960.311498547156
0.0024831331052955702 ; 1948.8951312341396
0.0025118864315095794 ; 1937.3465686180086
0.0025409727055493037 ; 1925.664279949296
0.0025703957827688645 ; 1914.176107754989
0.002600159563165272 ; 1903.4633691745519
0.0026302679918953813 ; 1892.626582927724
0.0026607250597988083 ; 1881.6643126102272
0.0026915348039269166 ; 1870.5751051850032
0.0027227013080779127 ; 1859.3574907896211
0.002754228703338166 ; 1848.1578631163138
0.0027861211686297693 ; 1837.7942576883029
0.002818382931264452 ; 1827.3106473652704
0.00285101826750391 ; 1816.705642556023
0.002884031503126606 ; 1805.9778375786616
0.002917427014001166 ; 1795.1258104742558
0.0029512092266663842 ; 1784.5543546229458
0.0029853826189179603 ; 1774.4621772941641
0.003019951720402016 ; 1764.2531380596222
0.0030549211132155124 ; 1753.9258837222262
0.003090295432513589 ; 1743.4790454156002
0.0031260793671239557 ; 1732.9386284427783
0.0031622776601683794 ; 1723.1670198964134
0.0031988951096913972 ; 1713.2822614558397
0.003235936569296281 ; 1703.2830429070334
0.003273406948788383 ; 1693.1680388644054
0.003311311214825911 ; 1682.9359085951282
0.003349654391578276 ; 1673.399918261567
0.003388441561392024 ; 1663.7798726881354
0.003427677865464505 ; 1654.0484322370064
0.0034673685045253167 ; 1644.2043070162918
0.0035075187395256797 ; 1634.4527470101045
0.0035481338923357532 ; 1625.4951021346114
0.0035892193464500534 ; 1616.4337326200052
0.003630780547701014 ; 1607.2674373915731
0.003672823004980846 ; 1597.9950014668111
0.003715352290971724 ; 1588.6151957943805
0.0037583740428844396 ; 1579.1267770911988
0.0038018939632056127 ; 1569.5284876776443
0.0038459178204535353 ; 1559.819055310853
0.003890451449942805 ; 1550.4569045547792
0.003935500754557773 ; 1541.8616173657224
0.003981071705534973 ; 1533.1668014418083
0.004027170343254591 ; 1524.3713042946063
0.004073802778041126 ; 1515.4739600904948
0.0041209751909732995 ; 1506.473589496137
0.004168693834703355 ; 1497.368999522159
0.004216965034285823 ; 1488.1589833650235
0.004265795188015926 ; 1479.2154657687508
0.00431519076827765 ; 1470.9578419644645
0.004365158322401661 ; 1462.6045993830396
0.004415704473533125 ; 1454.1546308112222
0.0044668359215096305 ; 1445.60681621483
0.0045185594437492215 ; 1436.9600225902968
0.004570881896148752 ; 1428.2131038144926
0.004623810213992603 ; 1419.3649004928095
0.004677351412871981 ; 1411.4163156497348
0.0047315125896148025 ; 1403.3987283341414
0.004786300923226385 ; 1395.2883017329516
0.004841723675840994 ; 1387.083960817906
0.004897788193684461 ; 1378.7846181125017
0.004954501908047901 ; 1370.389173547853
0.005011872336272719 ; 1362.0699074136726
0.005069907082747045 ; 1354.3264936888936
0.005128613839913648 ; 1346.4934154590737
0.005188000389289609 ; 1338.5696344581777
0.005248074602497723 ; 1330.5541003976161
0.005308844442309885 ; 1322.4457508270307
0.005370317963702527 ; 1314.896622711454
0.0054325033149243305 ; 1307.3018511443138
0.005495408738576243 ; 1299.619136267197
0.005559042572704037 ; 1291.8474597445686
0.005623413251903491 ; 1283.9857914491242
0.005688529308438413 ; 1276.6549650196885
0.005754399373371567 ; 1269.2549638369421
0.005821032177708716 ; 1261.7692746789764
0.00588843655355589 ; 1254.1969053258028
0.005956621435290103 ; 1246.7001032339979
0.006025595860743574 ; 1239.5402267946854
0.006095368972401693 ; 1232.2974428936368
0.006165950018614822 ; 1224.9707915076922
0.006237348354824191 ; 1217.559301497146
0.00630957344480193 ; 1210.706718126049
0.0063826348619054896 ; 1203.9132922163592
0.006456542290346556 ; 1197.0412021420805
0.006531305526474723 ; 1190.0895370151168
0.006606934480075957 ; 1183.0573753997855
0.006683439175686142 ; 1175.943785190681
0.006760829753919818 ; 1168.747823489126
0.006839116472814293 ; 1161.4685364781924
0.006918309709189363 ; 1154.6181620262812
0.006998419960022731 ; 1148.1185930674678
0.00707945784384138 ; 1141.543762647186
0.00716143410212902 ; 1134.8927992787867
0.007244359600749898 ; 1128.1648213842786
0.007328245331389037 ; 1121.3589371774797
0.007413102413009177 ; 1114.4742445458091
0.007498942093324558 ; 1107.5098309307173
0.007585775750291836 ; 1101.2819073143025
0.007673614893618186 ; 1094.9920624816189
0.00776247116628692 ; 1088.6293846783922
0.007852356346100719 ; 1082.1930305385736
0.007943282347242814 ; 1075.6821469303923
0.008035261221856169 ; 1069.0958708432784
0.008128305161640995 ; 1062.459141263822
0.008222426499470713 ; 1056.4545010985669
0.008317637711026709 ; 1050.3803304771714
0.008413951416451947 ; 1044.2358242748985
0.008511380382023767 ; 1038.0201680441062
0.008609937521846007 ; 1031.7325379062947
0.008709635899560805 ; 1025.3721004428992
0.008810488730080137 ; 1019.3313248250998
0.008912509381337459 ; 1013.4860965003982
0.00901571137605957 ; 1007.5731836216725
0.009120108393559097 ; 1001.5918024387248
0.00922571427154763 ; 995.541160125958
0.009332543007969905 ; 989.4204546772879
0.009440608762859235 ; 983.5886627579536
0.009549925860214359 ; 977.9248652356747
0.009660508789898131 ; 972.195484029049
0.009772372209558101 ; 966.3997597148038
0.00988553094656939 ; 960.5369240759583
0.01 ; 954.6062
0.010115794542598982 ; 949.1479416959131
0.010232929922807542 ; 943.6264797394549
0.010351421666793436 ; 938.0410822668244
0.010471285480508996 ; 932.3910089396361
0.010592537251772886 ; 926.6755108467908
0.010715193052376065 ; 921.2560457035486
0.010839269140212033 ; 915.9057061264953
0.01096478196143185 ; 910.4934125370341
0.01109174815262401 ; 905.0184475415128
0.011220184543019636 ; 899.4800854392513
0.01135010815672315 ; 894.2253278195456
0.01148153621496883 ; 889.0144891947101
0.011614486138403426 ; 883.7433119023632
0.011748975549395297 ; 878.4110972536632
0.011885022274370183 ; 873.047400927241
0.012022644346174132 ; 868.0065356421431
0.012161860006463679 ; 862.9072998880463
0.012302687708123811 ; 857.7490177667744
0.01244514611771385 ; 852.5310055536195
0.012589254117941668 ; 847.5917943775287
0.012735030810166616 ; 842.8062837737095
0.012882495516931335 ; 837.9653595687436
0.013031667784522994 ; 833.0683801033703
0.013182567385564068 ; 828.1146962882663
0.01333521432163324 ; 823.1036515180069
0.013489628825916533 ; 818.0345815840363
0.013645831365889245 ; 812.9068145866249
0.013803842646028845 ; 807.9427603116619
0.013963683610559377 ; 803.3578309359594
0.01412537544622754 ; 798.7198105802664
0.01428893958511103 ; 794.028084480008
0.014454397707459272 ; 789.2820307519718
0.014621771744567183 ; 784.4810203118766
0.014791083881682071 ; 779.6244167909894
0.014962356560944336 ; 774.7115764517731
0.01513561248436208 ; 770.1934051284926
0.015310874616820304 ; 765.7497108753525
0.01548816618912481 ; 761.2545610678636
0.015667510701081494 ; 756.7073598787872
0.015848931924611134 ; 752.1075045815314
0.016032453906900418 ; 747.4543854702589
0.0162181009735893 ; 742.7473857790716
0.016405897731995387 ; 738.411607126792
0.016595869074375606 ; 734.1137410699041
0.016788040181225598 ; 729.7661080695956
0.016982436524617443 ; 725.3681318518209
0.017179083871575875 ; 720.9192294695966
0.017378008287493755 ; 716.4188112257303
0.01757923613958692 ; 712.046057887045
0.01778279410038923 ; 707.9026600218693
0.017988709151287873 ; 703.7112838706336
0.018197008586099836 ; 699.4713738709681
0.018407720014689554 ; 695.1823680273959
0.018620871366628676 ; 690.8436978368372
0.018836490894898 ; 686.6197920829092
0.019054607179632473 ; 682.5961748044582
0.019275249131909356 ; 678.5259662337722
0.019498445997580455 ; 674.4086268691135
0.019724227361148535 ; 670.2436109616095
0.0199526231496888 ; 666.0303664429127
0.020183663636815608 ; 662.0741776390703
0.020417379446695295 ; 658.151985376063
0.02065380155810529 ; 654.1843762671477
0.020892961308540396 ; 650.1708244100346
0.021134890398366465 ; 646.1107978127723
0.021379620895022326 ; 642.0834265056632
0.0216271852372702 ; 638.2899186819684
0.02187761623949552 ; 634.4524841079447
0.022130947096056376 ; 630.5706141357954
0.02238721138568339 ; 626.643794227861
0.022646443075930594 ; 622.6715038884157
0.022908676527677724 ; 618.9755177867858
0.023173946499684784 ; 615.2412172940601
0.023442288153199216 ; 611.4636756395861
0.023713737056616554 ; 607.6423921143092
0.023988329190194897 ; 603.7911963840274
0.024266100950824154 ; 600.179660362092
0.024547089156850298 ; 596.5263047239828
0.024831331052955704 ; 592.8306452213668
0.025118864315095794 ; 589.0921919985802
0.02540972705549305 ; 585.4213419983456
0.025703957827688632 ; 581.8931648217165
0.026001595631652722 ; 578.3241332788494
0.026302679918953815 ; 574.71377429848
0.0266072505979881 ; 571.0616093314352
0.026915348039269153 ; 567.4350071982664
0.027227013080779128 ; 563.9931349432519
0.02754228703338166 ; 560.5114076858922
0.027861211686297706 ; 556.9893639270103
0.028183829312644536 ; 553.4265368235212
0.028510182675039096 ; 549.9240413417755
0.028840315031266057 ; 546.551590963842
0.02917427014001166 ; 543.1400894510135
0.029512092266663854 ; 539.6890846124595
0.02985382618917959 ; 536.1981190212268
0.03019951720402016 ; 532.8626975169913
0.030549211132155123 ; 529.545866182045
0.030902954325135904 ; 526.1906277503676
0.03126079367123954 ; 522.7965374887399
0.03162277660168379 ; 519.4589191109247
0.03198895109691397 ; 516.2230869836498
0.03235936569296283 ; 512.9497856862642
0.032734069487883814 ; 509.63858134622694
0.03311311214825911 ; 506.34314316327317
0.03349654391578276 ; 503.1746741567832
0.033884415613920256 ; 499.9695160083585
0.034276778654645026 ; 496.72724387775867
0.034673685045253165 ; 493.5284427409697
0.03507518739525679 ; 490.5032021839562
0.03548133892335755 ; 487.44293099228736
0.03589219346450052 ; 484.3472235303318
0.03630780547701014 ; 481.2156694654184
0.036728230049808464 ; 478.047853713448
0.03715352290971726 ; 474.843356383874
0.037583740428844416 ; 471.6017527240461
0.038018939632056124 ; 468.6223892102592
0.03845917820453535 ; 465.6629878914555
0.03890451449942807 ; 462.6693183204439
0.03935500754557775 ; 459.64098368956564
0.03981071705534971 ; 456.5775825963455
0.04027170343254591 ; 453.4787089902865
0.04073802778041126 ; 450.3443115909284
0.04120975190973302 ; 447.4945478233098
0.04168693834703353 ; 444.61178534649264
0.042169650342858224 ; 441.695642053433
0.04265795188015926 ; 438.74573141249607
0.043151907682776526 ; 435.7616624162216
0.043651583224016584 ; 432.74303952949646
0.044157044735331254 ; 429.8808387040162
0.0446683592150963 ; 427.08660236675826
0.04518559443749224 ; 424.2600102976416
0.04570881896148749 ; 421.40068783494934
0.04623810213992603 ; 418.50825597858596
0.046773514128719815 ; 415.58233133984197
0.04731512589614805 ; 412.82005076908433
0.047863009232263824 ; 410.09475927508186
0.04841723675840994 ; 407.3379103928796
0.04897788193684462 ; 404.54913870514457
0.04954501908047903 ; 401.7280745632101
0.05011872336272722 ; 398.9246612102461
0.050699070827470445 ; 396.2838481066785
0.05128613839913648 ; 393.61245582856935
0.05188000389289612 ; 390.9101302857655
0.05248074602497726 ; 388.1765132879435
0.05308844442309882 ; 385.41124249713107
0.05370317963702527 ; 382.82764657352476
0.05432503314924331 ; 380.2278014096436
0.054954087385762455 ; 377.5978514576043
0.05559042572704034 ; 374.9374481203897
0.05623413251903491 ; 372.2462387644188
0.05688529308438413 ; 369.7292747151946
0.057543993733715694 ; 367.18835540401625
0.058210321777087126 ; 364.61801363389617
0.0588843655355589 ; 362.0179087088165
0.059566214352901034 ; 359.4424475406384
0.06025595860743578 ; 356.9792770024761
0.06095368972401691 ; 354.48758429373316
0.06165950018614822 ; 351.9670391432394
0.06237348354824192 ; 349.41730745546556
0.06309573444801933 ; 346.9917984125829
0.06382634861905485 ; 344.57123274954864
0.06456542290346556 ; 342.12263825713603
0.06531305526474723 ; 339.6456903767976
0.06606934480075961 ; 337.2431630045844
0.06683439175686146 ; 334.8860349717077
0.06760829753919818 ; 332.50161268258944
0.06839116472814293 ; 330.08958008463816
0.06918309709189366 ; 327.7741692596206
0.06998419960022735 ; 325.5363374687409
0.07079457843841377 ; 323.2725928069974
0.0716143410212902 ; 320.9826352174871
0.07244359600749899 ; 318.666161168812
0.07328245331389041 ; 316.32286361484597
0.07413102413009173 ; 313.9524319540365
0.07498942093324558 ; 311.55455198823444
0.07585775750291836 ; 309.4051449693476
0.0767361489361819 ; 307.2342954083115
0.07762471166286916 ; 305.03830859407844
0.07852356346100718 ; 302.8168934509746
0.07943282347242814 ; 300.5697555328289
0.08035261221856173 ; 298.29659698394426
0.0812830516164099 ; 296.00624879343803
0.08222426499470713 ; 293.9402026012983
0.08317637711026708 ; 291.85023272177807
0.08413951416451952 ; 289.73606213163316
0.08511380382023763 ; 287.5974105998422
0.08609937521846008 ; 285.43399465046093
0.08709635899560805 ; 283.2455275250487
0.08810488730080142 ; 281.17342730239176
0.08912509381337455 ; 279.17299004923416
0.09015711376059571 ; 277.14938882440373
0.09120108393559097 ; 275.1023554017503
0.09225714271547633 ; 273.03161844921055
0.0933254300796991 ; 270.93690349284475
0.09440608762859236 ; 268.94906642695605
0.09549925860214359 ; 267.02405356010684
0.09660508789898131 ; 265.07675009481625
0.09772372209558107 ; 263.1068979181191
0.09885530946569386 ; 261.1142359282432
0.1 ; 259.0985
0.10115794542598985 ; 257.2779322256448
0.10232929922807542 ; 255.43628327001937
0.10351421666793438 ; 253.57330902454947
0.10471285480508996 ; 251.68876255401682
0.10592537251772889 ; 249.78239406382798
0.10715193052376065 ; 247.85395086690443
0.10839269140212036 ; 246.09576276026104
0.1096478196143185 ; 244.34545220948104
0.11091748152624009 ; 242.57487401773778
0.11220184543019633 ; 240.78379349680952
0.11350108156723149 ; 238.97197324091343
0.11481536214968827 ; 237.16966715401975
0.11614486138403426 ; 235.52106263758137
0.11748975549395294 ; 233.85336818055225
0.11885022274370183 ; 232.16636273183843
0.12022644346174129 ; 230.45982268069505
0.12161860006463679 ; 228.73352182708678
0.12302687708123815 ; 227.13827070407072
0.1244514611771385 ; 225.56738850687296
0.12589254117941673 ; 223.97831635112505
0.12735030810166617 ; 222.37084360703398
0.1288249551693134 ; 220.74475720582868
0.13031667784522993 ; 219.23394679767523
0.1318256738556407 ; 217.75724070052598
0.1333521432163324 ; 216.26343515266942
0.13489628825916536 ; 214.75233215179833
0.13645831365889247 ; 213.2237314028466
0.1380384264602885 ; 211.84763472999876
0.13963683610559377 ; 210.46559757108903
0.14125375446227545 ; 209.06755717611222
0.1428893958511103 ; 207.6533282363283
0.14454397707459277 ; 206.2960728918268
0.14621771744567183 ; 205.02683313526055
0.1479108388168207 ; 203.7428962749883
0.14962356560944332 ; 202.44409212656993
0.1513561248436208 ; 201.14970989226265
0.153108746168203 ; 199.99726587388201
0.1548816618912481 ; 198.83147718270348
0.15667510701081488 ; 197.65218929469873
0.15848931924611134 ; 196.46070906811192
0.16032453906900412 ; 195.40810575032359
0.16218100973589297 ; 194.34331386056314
0.16405897731995392 ; 193.29154398692486
0.16595869074375605 ; 192.37935335547851
0.16788040181225602 ; 191.456600054339
0.16982436524617442 ; 190.52316177355576
0.17179083871575881 ; 189.57891478689578
0.17378008287493754 ; 188.73373919523343
0.17579236139586926 ; 188.00314323689315
0.1778279410038923 ; 187.2640873760708
0.1798870915128788 ; 186.51647365171254
0.18197008586099836 ; 185.76912746450034
0.18407720014689558 ; 185.2506057198911
0.18620871366628675 ; 184.7260797764574
0.18836490894898006 ; 184.1954801088536
0.19054607179632474 ; 183.6587363866684
0.1927524913190936 ; 183.32557317138634
0.19498445997580455 ; 183.0356645275598
0.19724227361148539 ; 182.74239889985247
0.19952623149688792 ; 182.4457374162231
0.20183663636815607 ; 182.35243714879965
0.2041737944669529 ; 182.31201825793437
0.20653801558105292 ; 182.27113133837105
0.20892961308540392 ; 182.27046011455906
0.21134890398366465 ; 182.48543144813485
0.2137962089502232 ; 182.70289203243505
0.21627185237270202 ; 182.92287069162444
0.21877616239495523 ; 183.31154428478555
0.22130947096056375 ; 183.78665450558046
0.22387211385683395 ; 184.26726624344542
0.22646443075930595 ; 184.83220240155953
0.2290867652767773 ; 185.57416075772443
0.23173946499684786 ; 186.32471058673724
0.2344228815319922 ; 187.08395137316492
0.23713737056616552 ; 187.85198375355125
0.23988329190194904 ; 188.75895128339965
0.24266100950824154 ; 189.70471261616083
0.24547089156850305 ; 190.66142534901553
0.24831331052955705 ; 191.6292162932002
0.251188643150958 ; 192.5905481133764
0.25409727055493053 ; 193.54837640239046
0.2570395782768864 ; 194.45326410419577
0.2600159563165272 ; 195.3009968901934
0.2630267991895382 ; 196.0527838283876
0.2660725059798809 ; 196.69569465045998
0.26915348039269155 ; 197.1883711605416
0.2722701308077912 ; 197.5330012738631
0.2754228703338166 ; 197.67200488002956
0.278612116862977 ; 197.66251106966214
0.28183829312644537 ; 197.31619820578553
0.2851018267503909 ; 196.75634083470828
0.28840315031266056 ; 195.97069403640992
0.29174270140011666 ; 194.8685542174681
0.29512092266663853 ; 193.47198714230083
0.29853826189179594 ; 191.8323506528584
0.3019951720402016 ; 189.94685958688927
0.3054921113215513 ; 187.767796676496
0.30902954325135906 ; 185.25436777734222
0.3126079367123955 ; 182.64436330177222
0.31622776601683794 ; 179.91158624091412
0.3198895109691398 ; 176.90048507569446
0.32359365692962827 ; 173.85451700226025
0.3273406948788382 ; 170.64413552056996
0.3311311214825911 ; 167.36386905584718
0.3349654391578276 ; 164.04040079494763
0.33884415613920255 ; 160.67031846250214
0.34276778654645035 ; 157.26662805202707
0.3467368504525316 ; 153.92563627568452
0.350751873952568 ; 150.545957637885
0.35481338923357547 ; 147.2483325903336
0.3589219346450052 ; 143.98200271493133
0.36307805477010135 ; 140.80297612099446
0.3672823004980847 ; 137.70360806693586
0.37153522909717257 ; 134.654566708542
0.3758374042884442 ; 131.71815713321567
0.3801893963205612 ; 128.87170671435288
0.38459178204535355 ; 126.08945356289803
0.38904514499428056 ; 123.41021046004764
0.3935500754557774 ; 120.83817221337021
0.3981071705534972 ; 118.33541921924929
0.4027170343254591 ; 115.90516928048642
0.40738027780411273 ; 113.58335031625455
0.4120975190973302 ; 111.35337134252516
0.4168693834703354 ; 109.19724521187837
0.4216965034285822 ; 107.11157743114107
0.42657951880159267 ; 105.09533555405342
0.43151907682776525 ; 103.1474077609445
0.436515832240166 ; 101.26628971563213
0.4415704473533125 ; 99.45934136867862
0.4466835921509631 ; 97.75697810910789
0.4518559443749223 ; 96.04842127920365
0.457088189614875 ; 94.43076403663918
0.4623810213992603 ; 92.85279902169592
0.4677351412871982 ; 91.32781728712442
0.47315125896148047 ; 89.86761326572308
0.4786300923226383 ; 88.45562985588079
0.4841723675840993 ; 87.16138243129619
0.4897788193684462 ; 85.8521483278576
0.49545019080479025 ; 84.52775400800274
0.5011872336272722 ; 83.23657233157034
0.5069907082747044 ; 82.11864483173375
0.5128613839913648 ; 80.98777234154693
0.5188000389289611 ; 79.84380496508619
0.5248074602497725 ; 78.68659107071494
0.5308844442309884 ; 77.51597727098486
0.5370317963702527 ; 76.53813434976772
0.5432503314924332 ; 75.56216461382726
0.5495408738576245 ; 74.57489368097043
0.5559042572704036 ; 73.57619068950447
0.5623413251903491 ; 72.5659232624296
0.5688529308438415 ; 71.72272794736944
0.5754399373371569 ; 70.87428567771508
0.5821032177708714 ; 70.0160189096071
0.5888436553555889 ; 69.147813880715
0.5956621435290105 ; 68.31208219537378
0.6025595860743578 ; 67.57705540283573
0.6095368972401691 ; 66.83351740117371
0.6165950018614822 ; 66.08136963523093
0.6237348354824193 ; 65.32051240863574
0.6309573444801932 ; 64.65998914051471
0.6382634861905486 ; 64.01526480244344
0.6456542290346555 ; 63.36307490838921
0.6531305526474723 ; 62.70333301128803
0.660693448007596 ; 62.1104437583204
0.6683439175686146 ; 61.56359064224905
0.6760829753919817 ; 61.01040526553328
0.6839116472814293 ; 60.45081430405056
0.6918309709189365 ; 59.97005262444261
0.6998419960022735 ; 59.55522380093123
0.7079457843841379 ; 59.13559148603232
0.7161434102129021 ; 58.71110005793705
0.72443596007499 ; 58.28169325076645
0.732824533138904 ; 57.847314147113316
0.7413102413009175 ; 57.40790517049797
0.7498942093324559 ; 56.963408077736524
0.7585775750291838 ; 56.67469710012434
0.7673614893618189 ; 56.38465084343444
0.7762471166286917 ; 56.09124600938193
0.7852356346100718 ; 55.853404316238375
0.7943282347242815 ; 55.687674585068685
0.8035261221856173 ; 55.52002579405742
0.8128305161640993 ; 55.35549489280083
0.8222426499470711 ; 55.32801146215455
0.831763771102671 ; 55.3002097883802
0.8413951416451951 ; 55.27208618639603
0.8511380382023764 ; 55.37691477344771
0.8609937521846006 ; 55.52593001503047
0.8709635899560807 ; 55.67667077178715
0.881048873008014 ; 55.96534280287376
0.8912509381337456 ; 56.349286505650326
0.9015711376059569 ; 56.737676066971574
0.9120108393559098 ; 57.29358642561674
0.9225714271547631 ; 57.98987216945288
0.933254300796991 ; 58.694220522211594
0.9440608762859234 ; 59.58954549925673
0.954992586021436 ; 60.66189249479432
0.9660508789898133 ; 61.977295021315
0.9772372209558107 ; 63.553914655675996
0.9885530946569389 ; 65.37085219921289
1.0 ; 67.45583
1.0115794542598986 ; 69.98664112600518
1.023292992280754 ; 72.95324196918035
1.035142166679344 ; 76.4353362993471
1.0471285480508996 ; 80.44181875909322
1.0592537251772889 ; 84.98205548955765
1.0715193052376064 ; 89.98591755272906
1.0839269140212036 ; 95.13562345732063
1.096478196143185 ; 100.1243473732946
1.109174815262401 ; 104.79368835229381
1.1220184543019633 ; 107.47320131804541
1.135010815672315 ; 107.34743253627668
1.1481536214968828 ; 103.2762738092656
1.1614486138403428 ; 95.57113622930805
1.1748975549395295 ; 85.27311102536167
1.1885022274370185 ; 73.56288478407257
1.202264434617413 ; 61.89546125340479
1.216186000646368 ; 51.26769062540289
1.2302687708123816 ; 42.45990102467688
1.244514611771385 ; 35.45378600516688
1.2589254117941673 ; 30.282548816520936
1.2735030810166617 ; 26.724968565721078
1.288249551693134 ; 24.618395782286612
1.3031667784522993 ; 23.710072088664113
1.318256738556407 ; 23.152514802064047
1.333521432163324 ; 22.377978263904353
1.3489628825916535 ; 21.38278456712234
1.3645831365889245 ; 20.315803441935838
1.3803842646028848 ; 19.340016833442064
1.3963683610559376 ; 18.519023878109326
1.4125375446227544 ; 17.848880696592452
1.428893958511103 ; 17.320354090228573
1.4454397707459274 ; 16.882072685342457
1.4621771744567182 ; 16.492437926133892
1.4791083881682074 ; 16.180824955929328
1.4962356560944334 ; 15.89789800530442
1.5135612484362082 ; 15.652332488448156
1.53108746168203 ; 15.430848760395682
1.5488166189124815 ; 15.23026857030796
1.566751070108149 ; 15.049762437677888
1.5848931924611136 ; 14.878347634218336
1.6032453906900415 ; 14.730531722397956
1.62181009735893 ; 14.585900682929264
1.6405897731995394 ; 14.439594894954483
1.6595869074375607 ; 14.30557888463193
1.6788040181225603 ; 14.182884402473302
1.6982436524617444 ; 14.058769185170577
1.7179083871575882 ; 13.939096998594879
1.7378008287493754 ; 13.830255830110579
1.7579236139586927 ; 13.727710325283304
1.7782794100389228 ; 13.631140794164596
1.7988709151287878 ; 13.54838655524598
1.8197008586099834 ; 13.469976506520945
1.840772001468956 ; 13.418089361689901
1.8620871366628675 ; 13.396051537536243
1.8836490894898006 ; 13.413514936799464
1.9054607179632472 ; 13.515842209701013
1.9275249131909362 ; 13.776287349050657
1.9498445997580451 ; 14.41197180812819
1.9724227361148536 ; 15.970573045316723
1.9952623149688795 ; 19.61821428641894
2.0183663636815607 ; 25.05519337346491
2.041737944669529 ; 26.97747033078618
2.0653801558105296 ; 22.45731157196089
2.0892961308540396 ; 17.071662396076928
2.113489039836647 ; 14.207423856962906
2.137962089502232 ; 12.961862619907869
2.1627185237270203 ; 12.324415211732871
2.1877616239495525 ; 11.935583676136758
2.2130947096056377 ; 11.657115491096778
2.23872113856834 ; 11.438798368458787
2.2646443075930596 ; 11.249556083020003
2.290867652767773 ; 11.083187987495721
2.3173946499684783 ; 10.923557362695675
2.344228815319922 ; 10.768644747654589
2.371373705661655 ; 10.615218094604078
2.3988329190194904 ; 10.457736820164317
2.4266100950824154 ; 10.2866684732163
2.4547089156850306 ; 10.106117153233585
2.4831331052955705 ; 9.920346571072539
2.51188643150958 ; 9.684422667781137
2.540972705549305 ; 9.425168476893152
2.570395782768864 ; 9.095242352533287
2.6001595631652723 ; 8.717321857982041
2.6302679918953817 ; 8.23915261913513
2.6607250597988097 ; 7.701143923802804
2.6915348039269156 ; 7.268042094883191
2.7227013080779123 ; 7.523969243916812
2.7542287033381663 ; 9.321210689763221
2.78612116862977 ; 12.502428111742363
2.8183829312644537 ; 15.5492841613385
2.8510182675039095 ; 17.50587775056109
2.884031503126606 ; 18.719423817484024
2.917427014001167 ; 19.84329167266464
2.951209226666386 ; 21.31954512449101
2.98538261891796 ; 23.711103300839213
3.019951720402016 ; 27.476433491345805
3.054921113215513 ; 33.70386660075074
3.0902954325135905 ; 43.026379112410815
3.126079367123955 ; 52.19435201660668
3.1622776601683795 ; 52.684037071305376
3.198895109691398 ; 41.921923331575094
3.2359365692962827 ; 29.761927274931804
3.273406948788382 ; 22.270865746447736
3.311311214825911 ; 18.873546836127712
3.3496543915782766 ; 18.020716840918553
3.3884415613920256 ; 18.776579445870023
3.4276778654645037 ; 21.146325715867956
3.4673685045253166 ; 26.14707646741447
3.5075187395256804 ; 36.693990920800076
3.548133892335755 ; 59.5381230860713
3.5892193464500526 ; 91.05064381418076
3.630780547701014 ; 86.07944441420658
3.672823004980847 ; 43.75535320064339
3.715352290971726 ; 16.785871971123342
3.758374042884442 ; 7.481520576306212
3.8018939632056115 ; 4.352175670335853
3.8459178204535354 ; 3.233912637614661
3.890451449942806 ; 2.808365435289748
3.9355007545577743 ; 2.6637570298841595
3.9810717055349722 ; 2.6303189017010395
4.027170343254591 ; 2.646218938627869
4.073802778041127 ; 2.6847751829680524
4.120975190973302 ; 2.733692170016335
4.168693834703354 ; 2.7852482130668283
4.216965034285822 ; 2.838197578326642
4.265795188015927 ; 2.8922669776450523
4.3151907682776525 ; 2.9487877312525024
4.36515832240166 ; 3.0099124711062446
4.4157044735331255 ; 3.080031911133353
4.466835921509632 ; 3.1658471922217495
4.518559443749224 ; 3.277749959853587
4.570881896148751 ; 3.438710016114906
4.623810213992603 ; 3.6913796073015193
4.677351412871983 ; 4.16062089447229
4.731512589614805 ; 5.406700474348273
4.786300923226384 ; 11.180955062313604
4.841723675840994 ; 22.78312179454539
4.8977881936844625 ; 13.23680172694463
4.954501908047903 ; 5.2397275043014035
5.011872336272724 ; 4.477814775261368
5.069907082747043 ; 4.87700094216405
5.1286138399136485 ; 5.699933371941907
5.188000389289611 ; 6.974004258857764
5.248074602497725 ; 8.738069193232297
5.3088444423098835 ; 11.07581261601674
5.370317963702527 ; 13.95029441928503
5.432503314924332 ; 16.932047738630093
5.495408738576246 ; 17.66892788293387
5.559042572704036 ; 16.945494233320083
5.623413251903491 ; 16.32729137946698
5.688529308438414 ; 15.573769417671283
5.7543993733715695 ; 15.035531564997843
5.821032177708714 ; 15.049251371667467
5.88843655355589 ; 15.923493440592875
5.956621435290105 ; 18.286190849237137
6.025595860743578 ; 23.310497552384234
6.095368972401692 ; 33.16344757584563
6.165950018614822 ; 46.43401185901468
6.237348354824193 ; 52.69737951208304
6.309573444801933 ; 70.2494617976605
6.382634861905488 ; 140.39545492621045
6.456542290346556 ; 58.90672565521999
6.531305526474725 ; 13.249035618593048
6.606934480075961 ; 7.344577672565963
6.683439175686147 ; 5.820083401555069
6.760829753919819 ; 5.6058395960129745
6.839116472814292 ; 6.694261190507266
6.918309709189364 ; 11.525643235929692
6.998419960022734 ; 38.697547032879825
7.079457843841379 ; 99.26578578970518
7.16143410212902 ; 39.007795530115054
7.244359600749901 ; 8.884994491595872
7.3282453313890406 ; 4.863734244844974
7.413102413009175 ; 3.997021200512404
7.498942093324558 ; 3.856869681846135
7.5857757502918375 ; 3.6576290542010166
7.67361489361819 ; 2.6268340610087253
7.762471166286917 ; 1.8302733454003175
7.852356346100718 ; 2.1620925072742545
7.943282347242816 ; 2.9943142784519323
8.035261221856173 ; 4.194952537782921
8.128305161640993 ; 5.9950096697878426
8.222426499470712 ; 8.9745069815181
8.31763771102671 ; 14.229268301264291
8.413951416451951 ; 24.7797287978913
8.511380382023766 ; 50.059128496403396
8.609937521846007 ; 137.42002343749465
8.709635899560807 ; 514.163573822524
8.810488730080142 ; 659.6782646718606
8.912509381337456 ; 242.29633251398525
9.01571137605957 ; 115.0330851381655
9.120108393559097 ; 77.79008087567094
9.22571427154763 ; 99.03232570501216
9.33254300796991 ; 101.27643557577545
9.440608762859233 ; 46.31622452166182
9.549925860214358 ; 33.11406801740198
9.660508789898133 ; 31.80784510814694
9.772372209558107 ; 29.6815162925442
9.885530946569387 ; 19.433219916786385
10.0 ; 14.8332
10.115794542598987 ; 29.774172847601253
10.232929922807541 ; 36.05716769369324
10.351421666793442 ; 18.37571873199328
10.471285480508996 ; 14.034621850795755
10.592537251772887 ; 12.534227155329738
10.715193052376065 ; 12.929143700008257
10.839269140212034 ; 13.641084809668396
10.964781961431852 ; 12.368088957919463
11.091748152624008 ; 12.028935058367077
11.220184543019636 ; 12.458982843773667
11.350108156723149 ; 13.907579211538783
11.481536214968829 ; 19.39930809133561
11.614486138403427 ; 70.53731642811164
11.748975549395297 ; 31.92002728077829
11.885022274370183 ; 14.001217469030713
12.02264434617413 ; 20.30720191560711
12.161860006463678 ; 41.31900433732713
12.302687708123818 ; 235.17235219189902
12.44514611771385 ; 304.78596552508725
12.589254117941675 ; 31.196903644293972
12.735030810166617 ; 19.696481460009664
12.882495516931343 ; 30.83774743414505
13.031667784522993 ; 13.83179114809355
13.182567385564074 ; 20.46783445600947
13.33521432163324 ; 25.652107276783795
13.48962882591654 ; 21.662665574022984
13.645831365889245 ; 47.46068275062417
13.803842646028853 ; 72.10890188371857
13.963683610559377 ; 93.41151410282052
14.125375446227547 ; 79.32283503986694
14.288939585111029 ; 48.6902826423399
14.454397707459272 ; 44.004458661374215
14.621771744567184 ; 20.585264374167167
14.791083881682072 ; 9.175384693951722
14.962356560944336 ; 8.536620697642704
15.13561248436208 ; 10.329776248629418
15.310874616820303 ; 44.58662127800191
15.488166189124811 ; 45.12841764247124
15.667510701081493 ; 4.973708967449073
15.848931924611133 ; 6.429723306738748
16.032453906900418 ; 69.749803199474
16.218100973589298 ; 17.998346900347233
16.405897731995395 ; 6.24000711418661
16.595869074375607 ; 66.49965600088066
16.788040181225607 ; 44.9948366463862
16.982436524617444 ; 13.455176497674186
17.179083871575884 ; 7.640375274136352
17.378008287493753 ; 5.850710439643492
17.579236139586932 ; 6.203225790920229
17.78279410038923 ; 13.978177406486337
17.988709151287882 ; 86.42356590922577
18.197008586099834 ; 46.24099071150131
18.407720014689563 ; 18.050861343433198
18.620871366628677 ; 18.16873924813605
18.83649089489801 ; 33.21228238224685
19.054607179632473 ; 89.81707532345898
19.275249131909355 ; 740.6231703905008
19.498445997580454 ; 126.20754361002712
19.724227361148536 ; 29.379852756521647
19.952623149688797 ; 20.60882133852681
20.183663636815606 ; 23.722257742076298
20.417379446695296 ; 13.94419216321826
20.65380155810529 ; 36.70291744040836
20.892961308540396 ; 45.36603398314481
21.134890398366466 ; 163.09351638488866
21.379620895022324 ; 8.845083155122989
21.6271852372702 ; 3.5915368977051045
21.87761623949553 ; 2.875707995295198
22.130947096056374 ; 2.96014910535625
22.3872113856834 ; 3.3764097406822255
22.646443075930595 ; 6.917968856093645
22.908676527677734 ; 87.69839463491226
23.173946499684785 ; 17.218929223907693
23.442288153199225 ; 95.82023135375945
23.71373705661655 ; 110.2535344642015
23.98832919019491 ; 24.398663543045632
24.266100950824157 ; 75.77487170191951
24.547089156850312 ; 38.34198315565652
24.831331052955704 ; 36.866577451554036
25.11886431509581 ; 48.803706527404245
25.40972705549305 ; 73.70915277804899
25.703957827688633 ; 69.5088573179863
26.001595631652723 ; 16.799282357424232
26.302679918953814 ; 35.610346009452705
26.6072505979881 ; 60.4478560992804
26.915348039269155 ; 20.647256600388435
27.227013080779127 ; 16.03687563408871
27.542287033381662 ; 15.775816650942522
27.861211686297708 ; 89.86325101598518
28.183829312644534 ; 21.01072921682725
28.510182675039097 ; 15.649113284174915
28.84031503126606 ; 6.140831002813891
29.174270140011675 ; 2.1662403030517416
29.512092266663856 ; 9.087669637066492
29.853826189179603 ; 2.3071222986175393
30.19951720402016 ; 3.218467918573003
30.54921113215514 ; 26.0818556991161
30.902954325135905 ; 45.72677395607897
31.260793671239558 ; 1.111741296008218
31.622776601683793 ; 5.922551243864733
31.98895109691399 ; 166.36411774209665
32.359365692962825 ; 18.387789774072164
32.73406948788383 ; 2.5520695608546697
33.11311214825911 ; 3.0719236485445305
33.49654391578277 ; 160.0797983543314
33.884415613920254 ; 13.694962856920265
34.27677865464505 ; 146.52985779136213
34.673685045253166 ; 111.8245671734448
35.0751873952568 ; 321.4574841559459
35.48133892335755 ; 109.97135367799363
35.892193464500515 ; 30.233395628204686
36.30780547701014 ; 14.909338010431231
36.72823004980846 ; 10.43621314677346
37.15352290971726 ; 8.011473927114043
37.583740428844415 ; 10.228857083661406
38.018939632056124 ; 16.146616924507004
38.459178204535355 ; 20.89297174634046
38.90451449942807 ; 7.764824684138997
39.35500754557774 ; 212.18106464905483
39.810717055349734 ; 32.35248592251417
40.271703432545905 ; 11.889025156920638
40.73802778041128 ; 25.632057717429927
41.20975190973302 ; 33.363535081615275
41.68693834703355 ; 39.481145987076815
42.169650342858226 ; 39.459031426831054
42.657951880159274 ; 15.116947933194131
43.151907682776525 ; 10.458144589391507
43.65158322401661 ; 18.83819316113913
44.157044735331255 ; 28.32769593526917
44.668359215096324 ; 76.72362248188783
45.18559443749224 ; 29.39370038066683
45.708818961487516 ; 18.67915823409207
46.238102139926035 ; 4.844913673980772
46.77351412871981 ; 76.24118335202047
47.315125896148054 ; 14.534322282284393
47.86300923226383 ; 48.536583595717126
48.41723675840994 ; 53.72963339046122
48.97788193684461 ; 36.06337512042389
49.54501908047903 ; 25.573455261263977
50.11872336272722 ; 23.8802192574708
50.69907082747044 ; 40.21879592476996
51.28613839913648 ; 211.60692033087795
51.88000389289612 ; 60.57486102967953
52.48074602497726 ; 67.89758396448387
53.08844442309885 ; 11.643478053554482
53.70317963702527 ; 15.665897094843922
54.32503314924333 ; 8.550206371428821
54.954087385762456 ; 119.36255612105636
55.59042572704037 ; 60.42729121592924
56.23413251903491 ; 125.23996880226068
56.88529308438416 ; 27.048160615907413
57.543993733715695 ; 24.560375973893596
58.21032177708716 ; 41.962209722219534
58.8843655355589 ; 33.906164912828515
59.56621435290106 ; 13.550234884573602
60.25595860743578 ; 55.84581224729057
60.95368972401694 ; 31.869206891696813
61.65950018614822 ; 13.349594353653073
62.373483548241914 ; 12.84060547624359
63.09573444801933 ; 14.183634143949321
63.82634861905486 ; 25.840911299383592
64.56542290346556 ; 7.234995799413483
65.31305526474723 ; 2.7055777256409517
66.06934480075961 ; 6.527092848280936
66.83439175686145 ; 1.7968955906347583
67.60829753919819 ; 1.5631219708267614
68.39116472814293 ; 4.4313425909383835
69.18309709189366 ; 28.05926249809368
69.98419960022734 ; 20.62099660541844
70.79457843841381 ; 103.42369344680417
71.6143410212902 ; 17.598716878075546
72.44359600749902 ; 104.39808837792508
73.2824533138904 ; 7.33429749538665
74.13102413009177 ; 8.049730885439628
74.98942093324558 ; 36.642865993302095
75.8577575029184 ; 17.79042224356558
76.73614893618189 ; 6.421405914909187
77.6247116628692 ; 28.81645494786067
78.52356346100719 ; 13.027004116952044
79.43282347242817 ; 12.898687260133377
80.35261221856173 ; 31.81172126937214
81.28305161640995 ; 27.419155251102545
82.22426499470713 ; 4.086103431104836
83.17637711026708 ; 14.031555453917864
84.13951416451951 ; 103.62453126562532
85.11380382023764 ; 46.36742601093475
86.09937521846008 ; 7.101021843442178
87.09635899560806 ; 12.408651757963504
88.10488730080142 ; 14.852861346278537
89.12509381337455 ; 33.37932566695899
90.1571137605957 ; 21.407220564867426
91.20108393559097 ; 73.75955773823517
92.25714271547633 ; 24.765843450992225
93.3254300796991 ; 10.236733789683068
94.40608762859236 ; 7.133013158310558
95.49925860214358 ; 26.027935180515552
96.60508789898135 ; 17.705894950214315
97.72372209558107 ; 14.907136771326824
98.8553094656939 ; 5.102718890138149
100.0 ; 7.382966
101.15794542598982 ; 11.540520521322124
102.32929922807547 ; 3.2101381111572023
103.5142166679344 ; 44.532162967270274
104.71285480508996 ; 10.293432945327716
105.92537251772886 ; 20.770832407641265
107.1519305237607 ; 6.731356815513092
108.39269140212039 ; 3.3460495921192557
109.64781961431851 ; 12.462142999338736
110.9174815262401 ; 2.8845318026839295
112.2018454301963 ; 2.0194346512789823
113.50108156723155 ; 36.12929288520777
114.81536214968828 ; 6.247617713244828
116.14486138403426 ; 46.47248487932477
117.48975549395291 ; 14.473086299436526
118.85022274370189 ; 39.47268250542962
120.22644346174131 ; 8.985399829115607
121.6186000646368 ; 55.544491145477586
123.02687708123811 ; 2.367804831248266
124.45146117713857 ; 14.723775285594131
125.89254117941675 ; 86.73016148918317
127.35030810166616 ; 11.117697251935045
128.82495516931337 ; 4.58018961941467
130.31667784523 ; 3.756825522208094
131.82567385564073 ; 35.726718876295095
133.3521432163324 ; 43.718001454356646
134.89628825916532 ; 66.4659846079877
136.45831365889254 ; 26.488593543529955
138.03842646028852 ; 2.4657506713585575
139.63683610559377 ; 5.99261800204215
141.2537544622754 ; 6.594237647064246
142.88939585111038 ; 8.096648213943183
144.5439770745928 ; 5.639983054637851
146.21771744567184 ; 7.5818574410398005
147.91083881682073 ; 1.9621082618686696
149.62356560944343 ; 23.156015654396374
151.35612484362088 ; 2.2758283934251096
153.10874616820303 ; 23.693677175840325
154.88166189124811 ; 23.420538146678314
156.67510701081486 ; 43.34805148913035
158.48931924611142 ; 28.054857136750897
160.32453906900417 ; 3.7043923964645726
162.18100973589299 ; 14.324484714501182
164.05897731995387 ; 13.449109418926577
165.95869074375614 ; 29.40532807134819
167.88040181225605 ; 50.42379597098595
169.82436524617444 ; 8.73810651888838
171.79083871575875 ; 17.20194120812551
173.78008287493762 ; 21.81970745964886
175.7923613958693 ; 12.618793371288213
177.82794100389228 ; 64.96405257510001
179.88709151287873 ; 12.822783657879262
181.97008586099844 ; 29.41582840305981
184.07720014689562 ; 3.9868401878311883
186.20871366628674 ; 6.764116014029703
188.36490894898 ; 3.286146802034132
190.54607179632484 ; 4.491274703435524
192.75249131909365 ; 19.307269129944746
194.98445997580455 ; 6.374605370236907
197.24227361148533 ; 15.643311380118845
199.52623149688807 ; 18.754160951461106
201.83663636815618 ; 20.689363979582044
204.17379446695296 ; 15.61776415398071
206.53801558105292 ; 11.156635170373075
208.92961308540387 ; 2.356596457958379
211.34890398366477 ; 24.241707872022953
213.79620895022325 ; 69.23252857627227
216.271852372702 ; 8.003072275609453
218.77616239495518 ; 10.083584223167852
221.30947096056389 ; 43.882240820731454
223.872113856834 ; 14.11898980610367
226.46443075930597 ; 29.00141521984119
229.08676527677724 ; 26.782706699946175
231.73946499684797 ; 57.62616415276596
234.42288153199226 ; 8.720401256257935
237.13737056616552 ; 3.904041388606382
239.88329190194898 ; 25.40005949531455
242.66100950824168 ; 19.648080972082305
245.4708915685031 ; 30.902952571229005
248.31331052955704 ; 16.341397319129115
251.18864315095797 ; 14.11717442625974
254.09727055493065 ; 26.033591041207636
257.03957827688646 ; 3.1957269798162957
260.0159563165272 ; 31.125221238513884
263.02679918953817 ; 5.041936151605759
266.0725059798811 ; 41.537776167285266
269.1534803926917 ; 26.37942173599132
272.27013080779125 ; 34.038735237954896
275.4228703338166 ; 6.119680502922923
278.61211686297696 ; 11.6423163605049
281.8382931264455 ; 9.510649602993986
285.10182675039096 ; 6.9233707944950975
288.40315031266056 ; 6.105191803956846
291.7427014001166 ; 8.988071211482508
295.1209226666387 ; 9.55336533140432
298.538261891796 ; 38.64137053589884
301.9951720402016 ; 7.012855154747323
305.49211132155125 ; 17.15844460125797
309.0295432513592 ; 9.105020391802844
312.6079367123956 ; 14.46308929597315
316.22776601683796 ; 20.53639652131108
319.88951096913974 ; 15.944341307921288
323.5936569296284 ; 40.9065512230099
327.3406948788383 ; 13.031202520198107
331.1311214825911 ; 6.000358472698271
334.9654391578276 ; 5.185429630316474
338.84415613920277 ; 10.002561418493935
342.76778654645045 ; 13.668496872733378
346.73685045253166 ; 30.29908078079132
350.75187395256796 ; 13.552239788487451
354.81338923357566 ; 10.331403827817416
358.92193464500536 ; 5.006706228649857
363.0780547701014 ; 6.467005302508558
367.2823004980846 ; 3.9945635403365793
371.5352290971724 ; 12.627000297285958
375.8374042884443 ; 2.4917619910949664
380.1893963205613 ; 29.353500293378108
384.5917820453535 ; 6.386959301103774
389.04514499428046 ; 2.1314230038515425
393.55007545577763 ; 8.59576981533437
398.1071705534973 ; 3.467027840054877
402.71703432545905 ; 9.632571846520666
407.3802778041126 ; 7.6875876224955055
412.0975190973304 ; 2.599243521930062
416.8693834703355 ; 3.8645776883807645
421.6965034285823 ; 5.080779608760295
426.57951880159254 ; 10.272095997542774
431.51907682776545 ; 13.568586493020193
436.5158322401661 ; 3.5691767481060515
441.57044735331255 ; 19.90498569090357
446.683592150963 ; 0.6712381317693666
451.8559443749226 ; 3.602705029203445
457.0881896148752 ; 2.307847168431141
462.38102139926036 ; 25.783866133840018
467.73514128719813 ; 5.681270217673799
473.1512589614808 ; 5.356585443964141
478.6300923226385 ; 11.343257054884411
484.1723675840994 ; 8.804130520235224
489.77881936844614 ; 21.384527372912554
495.45019080479005 ; 21.353288363671787
501.18723362727246 ; 15.55084434474966
506.99070827470445 ; 9.40295681252641
512.8613839913648 ; 47.89318156271447
518.8000389289609 ; 5.611836018037565
524.8074602497728 ; 12.325139037920948
530.8844442309885 ; 29.86142977411874
537.0317963702527 ; 18.48644694078392
543.250331492433 ; 22.687012399365603
549.5408738576248 ; 2.4054349072334897
555.9042572704037 ; 9.880965675107038
562.341325190349 ; 7.19250410192435
568.8529308438414 ; 7.817107260737675
575.4399373371573 ; 20.71610147140045
582.1032177708715 ; 5.0718456036192
588.843655355589 ; 10.32956670389386
595.6621435290103 ; 19.559987059358487
602.5595860743581 ; 14.612175087041823
609.5368972401693 ; 14.531997731641802
616.5950018614822 ; 12.687142417559295
623.7348354824192 ; 4.949070480961204
630.9573444801937 ; 16.785638326080456
638.263486190549 ; 5.026104504444927
645.6542290346556 ; 5.136124636900814
653.1305526474723 ; 7.990631143817784
660.6934480075957 ; 1.687417030781533
668.3439175686149 ; 7.726636443317678
676.0829753919819 ; 31.98123670904757
683.9116472814293 ; 11.043178692178387
691.8309709189363 ; 16.12420809800014
699.8419960022738 ; 16.83081501624639
707.945784384138 ; 3.3048586363095893
716.143410212902 ; 13.627342823875843
724.4359600749899 ; 7.133870211662413
732.8245331389045 ; 35.29101955497748
741.3102413009177 ; 3.5622991074194954
749.8942093324558 ; 11.480266241455992
758.5775750291835 ; 32.667582441826504
767.3614893618194 ; 5.608958066295026
776.247116628692 ; 8.913284159109466
785.2356346100718 ; 28.976321045780423
794.3282347242813 ; 6.413073121647519
803.5261221856177 ; 12.647407175967858
812.8305161640995 ; 10.6350617799466
822.2426499470712 ; 5.117290526908382
831.7637711026708 ; 1.55690836124314
841.3951416451956 ; 4.919460090751403
851.1380382023768 ; 6.523563681975602
860.9937521846008 ; 26.296560828316434
870.9635899560806 ; 3.807312309506946
881.0488730080137 ; 9.826817222317738
891.2509381337459 ; 2.5509414748923738
901.571137605957 ; 5.544861249449663
912.0108393559096 ; 1.6509116826691212
922.5714271547629 ; 15.499147675505375
933.2543007969915 ; 1.1221032627863017
944.0608762859235 ; 4.792773498751904
954.992586021436 ; 1.611774450095002
966.0508789898131 ; 4.05953274464025
977.2372209558112 ; 6.396331390043186
988.553094656939 ; 1.964968147160075
1000.0 ; 6.900322
1011.5794542598983 ; 7.95768762893889
1023.2929922807547 ; 3.7168232251942146
1035.1421666793442 ; 2.3372559953314593
1047.1285480508996 ; 2.8003157200891637
1059.2537251772887 ; 2.8180242564490126
1071.519305237607 ; 5.932526652756309
1083.9269140212039 ; 18.345945350401283
1096.4781961431852 ; 5.376966380552236
1109.174815262401 ; 4.620890784460777
1122.018454301964 ; 4.558092202288907
1135.0108156723154 ; 6.310001832325685
1148.1536214968828 ; 4.0170786866562
1161.4486138403427 ; 21.69566588283031
1174.8975549395302 ; 9.752286471702133
1188.502227437019 ; 10.54535516482526
1202.2644346174131 ; 5.914998674849539
1216.1860006463678 ; 6.91341834985225
1230.268770812381 ; 11.19573278238621
1244.5146117713857 ; 2.975497563526893
1258.9254117941675 ; 5.436589836585914
1273.5030810166616 ; 17.42274772970797
1288.2495516931335 ; 2.930996773857516
1303.1667784523 ; 5.7657163530943905
1318.2567385564075 ; 3.6170305724617653
1333.521432163324 ; 10.521310007880668
1348.9628825916532 ; 8.96738008198469
1364.5831365889253 ; 5.863410118711604
1380.3842646028852 ; 11.060484310506862
1396.3683610559376 ; 7.810824928922674
1412.537544622754 ; 3.0979733512013663
1428.8939585111036 ; 9.312430226298515
1445.439770745928 ; 19.770267890777433
1462.1771744567184 ; 3.7917722936038567
1479.1083881682073 ; 7.287917579523299
1496.2356560944343 ; 3.8240574255531006
1513.5612484362086 ; 1.4377815008164339
1531.0874616820304 ; 5.861993443517803
1548.816618912481 ; 9.561112059480953
1566.75107010815 ; 7.604739298133101
1584.893192461114 ; 1.3540940236807482
1603.2453906900419 ; 3.1874167410295633
1621.8100973589299 ; 8.63162693615588
1640.5897731995387 ; 6.300091754022296
1659.5869074375614 ; 4.218477239116092
1678.8040181225606 ; 9.50253525606709
1698.2436524617442 ; 7.298733972330059
1717.9083871575876 ; 5.798042691506864
1737.8008287493763 ; 5.4938509391593175
1757.923613958693 ; 2.897699908857354
1778.2794100389228 ; 9.066778454833605
1798.8709151287874 ; 5.061931577088337
1819.7008586099844 ; 9.854631118649722
1840.7720014689564 ; 7.840923142587071
1862.0871366628676 ; 5.1466154282030425
1883.6490894898002 ; 2.5312841610737222
1905.4607179632483 ; 2.7387028312493547
1927.5249131909366 ; 2.2861189359609884
1949.8445997580454 ; 3.547775087003027
1972.4227361148535 ; 3.8322698300638507
1995.262314968881 ; 7.799139410842748
2018.3663636815618 ; 3.0229567433512456
2041.7379446695295 ; 6.931777012943467
2065.3801558105292 ; 3.722923983592473
2089.2961308540407 ; 3.129443902039318
2113.489039836648 ; 2.029637817125532
2137.9620895022326 ; 6.26781816772461
2162.71852372702 ; 6.380762255142948
2187.761623949552 ; 2.889559881233257
2213.094709605639 ; 7.898422157570278
2238.72113856834 ; 5.969253978283261
2264.6443075930597 ; 5.6664681316569325
2290.8676527677726 ; 5.686413598991312
2317.39464996848 ; 5.743743491065335
2344.228815319923 ; 5.821777320954873
2371.373705661655 ; 5.900714737557309
2398.83291901949 ; 5.9805661598500235
2426.6100950824166 ; 6.061342218034769
2454.708915685031 ; 6.143053618890554
2483.13310529557 ; 6.225711193175058
2511.88643150958 ; 6.206828164788941
2540.9727055493063 ; 6.039287354264017
2570.3957827688646 ; 5.869806512586967
2600.159563165272 ; 5.698363175255786
2630.2679918953813 ; 5.524934617641818
2660.7250597988113 ; 5.402930427254686
2691.5348039269165 ; 5.3775872724166645
2722.701308077913 ; 5.352363834607866
2754.2287033381663 ; 5.3268483231546835
2786.121168629772 ; 5.301037356003709
2818.382931264455 ; 5.274927511939207
2851.0182675039096 ; 5.248515330129629
2884.031503126606 ; 5.22179730966888
2917.427014001166 ; 5.178169407774228
2951.209226666387 ; 5.118532311283835
2985.3826189179604 ; 5.058204649762444
3019.9517204020162 ; 4.996089058709421
3054.9211132155124 ; 4.932446849224081
3090.295432513592 ; 4.868067697685001
3126.0793671239558 ; 4.802943070705388
3162.2776601683795 ; 4.815547850655093
3198.895109691397 ; 4.983078765331604
3235.9365692962842 ; 5.152549596571748
3273.406948788383 ; 5.175966270875827
3311.311214825911 ; 5.108968474980947
3349.654391578276 ; 5.041194881172987
3388.4415613920273 ; 4.9726362337459085
3427.6778654645045 ; 4.90328371211956
3467.368504525317 ; 4.833128126141231
3507.5187395256794 ; 4.76152043369165
3548.1338923357566 ; 4.68627491384627
3589.2193464500533 ; 4.610158091945585
3630.780547701014 ; 4.533159878787291
3672.8230049808462 ; 4.455270068341638
3715.3522909717276 ; 4.535665022958343
3758.374042884443 ; 4.902785814350859
3801.8939632056126 ; 5.240040758396341
3845.9178204535356 ; 4.842149852743297
3890.4514499428046 ; 4.438364485315661
3935.5007545577764 ; 4.485482900208319
3981.0717055349733 ; 4.65721731861176
4027.170343254591 ; 4.622748190588486
4073.802778041126 ; 4.440762018732387
4120.975190973304 ; 4.25666854632333
4168.693834703355 ; 4.32424913549938
4216.965034285822 ; 4.793380157414863
4265.795188015925 ; 5.01371815549798
4315.190768277655 ; 4.69665892745264
4365.158322401661 ; 4.47233689643372
4415.704473533126 ; 4.47025796479996
4466.835921509631 ; 4.468154960272438
4518.559443749226 ; 4.42820077479563
4570.881896148751 ; 4.318054686714026
4623.810213992603 ; 4.206633167043573
4677.351412871981 ; 4.093921446982529
4731.512589614807 ; 3.9799047076641574
4786.300923226385 ; 3.8645678046629968
4841.723675840994 ; 3.8437160058061997
4897.7881936844615 ; 3.8538849677951994
4954.501908047905 ; 3.864293652020326
5011.872336272725 ; 3.859324426243491
5069.907082747044 ; 3.7974085571889713
5128.613839913648 ; 3.734274586229654
5188.000389289609 ; 3.7509575093253305
5248.074602497728 ; 3.8140975991866632
5308.8444423098845 ; 3.877968785428584
5370.317963702527 ; 3.924456595348367
5432.503314924331 ; 3.934862546458585
5495.408738576249 ; 3.944456612644491
5559.042572704037 ; 3.9904245643997274
5623.413251903491 ; 3.8191808322229823
5688.529308438413 ; 3.7035739328621795
5754.399373371572 ; 3.9006972652084526
5821.032177708716 ; 3.9867595725690665
5888.43655355589 ; 3.823824547044939
5956.621435290103 ; 3.659002822845421
6025.5958607435805 ; 3.495396100914036
6095.368972401694 ; 3.335113069513029
6165.9500186148225 ; 3.225403666413766
6237.348354824191 ; 3.2964331857322735
6309.573444801937 ; 3.36828518812084
6382.634861905489 ; 3.4409691974845393
6456.542290346556 ; 3.4087081641681767
6531.305526474723 ; 3.3419798661749924
6606.9344800759645 ; 3.2781505144567715
6683.439175686149 ; 3.252340125298764
6760.829753919819 ; 3.250000110359828
6839.116472814293 ; 3.3933904737475182
6918.309709189362 ; 3.538441219289365
6998.419960022738 ; 3.6844592073052382
7079.457843841381 ; 3.5246758564142686
7161.43410212902 ; 3.3562345594270084
7244.359600749898 ; 3.185842804145807
7328.245331389045 ; 3.3223308164645973
7413.102413009177 ; 3.322519489590916
7498.942093324558 ; 3.2661200784683535
7585.775750291836 ; 3.2011192327222946
7673.6148936181935 ; 3.1352665472092025
7762.4711662869195 ; 3.080134571085302
7852.356346100718 ; 3.0295097161651863
7943.282347242814 ; 2.9782986530531104
8035.261221856177 ; 2.910000787116407
8128.305161640995 ; 2.812905412329002
8222.426499470712 ; 2.779370049372804
8317.63771102671 ; 2.954876622284489
8413.951416451957 ; 3.118724738068093
8511.380382023768 ; 3.2028938636858792
8609.937521846008 ; 3.286611478256453
8709.635899560806 ; 3.3479094062853765
8810.488730080147 ; 3.190804686489683
8912.509381337459 ; 3.0314186999904154
9015.711376059571 ; 2.954255052505908
9120.108393559096 ; 3.3506361517553644
9225.714271547638 ; 3.4304186852190783
9332.543007969914 ; 3.38291591034409
9440.608762859236 ; 3.3348630792602174
9549.92586021436 ; 3.277806511448813
9660.508789898131 ; 3.1950765882617467
9772.372209558112 ; 3.0989593609996837
9885.53094656939 ; 3.0017291487009623
10000.0 ; 2.904743
10115.794542598982 ; 2.9237416950299493
10232.929922807536 ; 2.944366236646433
10351.42166679343 ; 2.9652295991991964
10471.285480509006 ; 3.010581721019514
10592.537251772897 ; 3.073173851590874
10715.193052376071 ; 3.05194772533051
10839.269140212038 ; 2.955052415383543
10964.78196143185 ; 2.986463259620858
11091.748152624008 ; 3.030593069491124
11220.18454301963 ; 3.053704917943111
11350.108156723143 ; 2.957808394345597
11481.53621496884 ; 2.860801934239752
11614.486138403438 ; 2.7626721922662143
11748.975549395303 ; 2.7356943779475427
11885.022274370189 ; 2.7347755602925714
12022.644346174131 ; 2.720264195997557
12161.86000646368 ; 2.6399474068507542
12302.68770812381 ; 2.5586104146720317
12445.146117713844 ; 2.518623343255746
12589.254117941662 ; 2.5695776411630464
12735.030810166629 ; 2.621121641887702
12882.495516931349 ; 2.7077791938301456
13031.667784523 ; 2.8221746716666742
13182.567385564074 ; 2.9378953915316357
13335.21432163324 ; 2.9345515360776497
13489.628825916532 ; 2.8348385622780876
13645.831365889238 ; 2.7339709666592946
13803.842646028837 ; 2.6915764231300225
13963.68361055939 ; 2.6804336699359563
14125.375446227554 ; 2.669161659725323
14288.939585111037 ; 2.6577590583899595
14454.39770745928 ; 2.6991415590216348
14621.771744567182 ; 2.744837906901528
14791.083881682072 ; 2.7910633935515414
14962.356560944329 ; 2.67364305850685
15135.612484362071 ; 2.545637117251949
15310.87461682032 ; 2.424917302628827
15488.166189124828 ; 2.4371108132910417
15667.5107010815 ; 2.4494455181522365
15848.93192461114 ; 2.461923052164181
16032.453906900417 ; 2.4669307467179147
16218.100973589299 ; 2.4361424802370304
16405.89773199539 ; 2.404997702432689
16595.869074375598 ; 2.373492285098328
16788.040181225588 ; 2.341622052225005
16982.43652461746 ; 2.3093827794478665
17179.083871575895 ; 2.2767701535246214
17378.00828749376 ; 2.3144583260160103
17579.23613958693 ; 2.3616541425427484
17782.794100389227 ; 2.4093965283052894
17988.709151287872 ; 2.4433422520307313
18197.008586099826 ; 2.466085637896793
18407.720014689545 ; 2.489336812949563
18620.871366628693 ; 2.5076648386495335
18836.49089489802 ; 2.526205092884767
19054.607179632483 ; 2.4685638818559177
19275.249131909368 ; 2.3778395657452003
19498.445997580457 ; 2.346610381833733
19724.227361148533 ; 2.3929673139171697
19952.62314968879 ; 2.371877289099777
20183.663636815596 ; 2.281069886538972
20417.379446695315 ; 2.1802720919673333
20653.80155810531 ; 2.1409460942938234
20892.96130854041 ; 2.1355786849860334
21134.890398366475 ; 2.1809566045675455
21379.620895022323 ; 2.267881330939575
21627.1852372702 ; 2.3558125982046856
21877.616239495517 ; 2.444762061557105
22130.947096056363 ; 2.5102947519425625
22387.211385683422 ; 2.3979517431574893
22646.44307593062 ; 2.284307863640789
22908.676527677748 ; 2.1693480500193094
23173.946499684796 ; 2.0530571217933433
23442.288153199228 ; 2.104374746372632
23713.737056616552 ; 2.1728181897861236
23988.329190194898 ; 2.2111249713321848
24266.100950824144 ; 2.2339125052098887
24547.089156850285 ; 2.2063433473756344
24831.331052955728 ; 2.141132547310875
25118.864315095823 ; 2.2037761284660426
25409.727055493066 ; 1.8733638666012762
25703.957827688646 ; 2.044817738028929
26001.595631652723 ; 2.1122530348361734
26302.679918953814 ; 2.1641078523212594
26607.250597988084 ; 2.117078502712308
26915.348039269138 ; 2.123598284390902
27227.013080779154 ; 2.08503423642638
27542.28703338169 ; 2.0748959332095502
27861.211686297724 ; 2.3785595744679666
28183.82931264455 ; 2.184651431420914
28510.182675039097 ; 2.2285018943728083
28840.31503126606 ; 2.33910048533733
29174.27014001166 ; 2.36731993844911
29512.09226666384 ; 2.1460064431444086
29853.826189179632 ; 2.1395166846222424
30199.51720402019 ; 2.168576837149363
30549.211132155153 ; 2.1779079298471298
30902.95432513592 ; 2.215874964228124
31260.793671239557 ; 2.2317646712243473
31622.776601683792 ; 2.255247592849954
31988.951096913974 ; 2.2479400357977624
32359.36569296281 ; 2.054917320423845
32734.069487883793 ; 2.0431567230216983
33113.11214825915 ; 1.9440868976198171
33496.54391578279 ; 2.0208993748078092
33884.415613920275 ; 1.9036539483983015
34276.778654645044 ; 1.7516439065475022
34673.685045253165 ; 1.7917646148547206
35075.18739525679 ; 1.9313450880682288
35481.33892335753 ; 1.96143889179954
35892.193464500495 ; 1.878910019660146
36307.80547701017 ; 1.6779814233783574
36728.2300498085 ; 1.7873507874436314
37153.52290971728 ; 1.8549580512544566
37583.74042884443 ; 1.8617061387520808
38018.93963205613 ; 1.742757323880337
38459.178204535354 ; 1.9815952409052167
38904.51449942805 ; 2.008495895280256
39355.007545577726 ; 1.7712215814664878
39810.71705534977 ; 1.867904830794607
40271.703432545946 ; 2.03940528634269
40738.02778041131 ; 2.11538156155195
41209.751909733044 ; 1.9623117432782207
41686.93834703355 ; 1.8400996158097103
42169.65034285822 ; 1.8519427689459116
42657.95188015926 ; 1.9265626908962643
43151.9076827765 ; 1.8672010645303838
43651.58322401656 ; 1.9636130742194615
44157.0447353313 ; 1.8897458106360616
44668.359215096345 ; 1.786444884180374
45185.59443749226 ; 1.862224234200235
45708.818961487515 ; 1.7701479871735304
46238.102139926035 ; 1.9271943534725762
46773.51412871981 ; 1.9438840644864672
47315.12589614803 ; 1.6622075497499003
47863.0092322638 ; 1.945013615000453
48417.23675840999 ; 1.9427361452398875
48977.881936844664 ; 2.008104985284154
49545.019080479055 ; 1.8903678875061543
50118.72336272725 ; 1.8327785417105005
50699.070827470445 ; 1.807046677538318
51286.13839913648 ; 1.7523772351753688
51880.00389289609 ; 1.8183066133779515
52480.74602497723 ; 1.9176357659879637
53088.4444230989 ; 1.856496382160858
53703.17963702533 ; 1.8382636496496572
54325.03314924336 ; 1.7885276455723298
54954.08738576248 ; 1.8460075676146896
55590.42572704037 ; 1.887618132666179
56234.13251903491 ; 1.7552658341463665
56885.29308438413 ; 1.8002420536707489
57543.993733715666 ; 1.8467795032301813
58210.3217770871 ; 1.8015062697560484
58884.36553555896 ; 1.7147793006487393
59566.214352901094 ; 1.7767091781971238
60255.95860743581 ; 1.8462809771612194
60953.689724016935 ; 1.8435393205727444
61659.50018614822 ; 1.833962449850011
62373.483548241915 ; 1.7640037969026583
63095.7344480193 ; 1.7504700573460164
63826.34861905483 ; 1.6333761944212526
64565.422903465624 ; 1.7079963064143293
65313.055264747294 ; 1.7953369735358005
66069.34480075965 ; 1.7491176765127616
66834.39175686149 ; 1.6195905738318206
67608.29753919819 ; 1.774145295214373
68391.16472814293 ; 1.7751913402923363
69183.09709189362 ; 1.6855405581958627
69984.19960022731 ; 1.768974993547541
70794.57843841388 ; 1.5388712644895424
71614.34102129027 ; 1.5951468977702585
72443.59600749906 ; 1.6931382838373816
73282.45331389044 ; 1.7079732700722212
74131.02413009177 ; 1.6414820774217984
74989.42093324558 ; 1.6828372474038735
75857.75750291836 ; 1.6751948369754857
76736.14893618185 ; 1.6678163489360722
77624.71166286911 ; 1.6603524220318995
78523.56346100726 ; 1.6528020669275392
79432.82347242821 ; 1.645164282831603
80352.61221856177 ; 1.637438015498576
81283.05161640995 ; 1.6296222140859598
82224.26499470712 ; 1.6217159375861088
83176.37711026709 ; 1.6137182769236018
84139.51416451948 ; 1.6056280077152674
85113.80382023759 ; 1.5981598739392988
86099.37521846016 ; 1.596080318289049
87096.35899560814 ; 1.593976682519267
88104.88730080146 ; 1.5918486877953089
89125.0938133746 ; 1.5896960520537795
90157.1137605957 ; 1.587518489965143
91201.08393559097 ; 1.585315712895903
92257.14271547628 ; 1.583087428870345
93325.43007969906 ; 1.5808333425318348
94406.08762859246 ; 1.5785531551036698
95499.25860214369 ; 1.5783584282365446
96605.08789898141 ; 1.5807027863458407
97723.72209558112 ; 1.583074290842632
98855.3094656939 ; 1.585473256067271
100000.0 ; 1.5879
101157.94542598983 ; 1.5828630223122762
102329.29922807537 ; 1.5777677191718091
103514.2166679343 ; 1.5726134119247392
104712.85480509007 ; 1.567399317529154
105925.37251772897 ; 1.5621248467660096
107151.9305237607 ; 1.556789300509918
108392.69140212038 ; 1.5513919715400024
109647.8196143185 ; 1.5459321444461542
110917.4815262401 ; 1.5404090955342056
112201.84543019629 ; 1.534822092730006
113501.08156723143 ; 1.5291703954823852
114815.3621496884 ; 1.523453254664994
116144.86138403438 ; 1.5176699124770112
117489.75549395304 ; 1.5118196023426933
118850.22274370189 ; 1.505901548809769
120226.4434617413 ; 1.5004154142100325
121618.60006463679 ; 1.497436218864825
123026.87708123811 ; 1.4944225260633863
124451.46117713844 ; 1.491373936344
125892.54117941688 ; 1.4882900456194004
127350.30810166629 ; 1.485170445123213
128824.95516931349 ; 1.4820147213557713
130316.67784523 ; 1.4788224429874322
131825.67385564075 ; 1.4755931707093644
133352.1432163324 ; 1.4723265052206598
134896.28825916533 ; 1.4690220135283463
136458.31365889238 ; 1.4656792576256297
138038.42646028838 ; 1.4622977944338356
139636.83610559392 ; 1.4588771757436798
141253.75446227554 ; 1.4554169654507303
142889.39585111037 ; 1.4519166928786238
144543.9770745928 ; 1.4483758890603715
146217.71744567182 ; 1.4447940846662624
147910.83881682073 ; 1.4411708049320038
149623.5656094433 ; 1.4375055695957915
151356.12484362072 ; 1.4344015590237305
153108.7461682032 ; 1.431430827225919
154881.66189124828 ; 1.428425695975137
156675.107010815 ; 1.4253857669444912
158489.3192461114 ; 1.4223106371946819
160324.53906900418 ; 1.419199906278038
162181.009735893 ; 1.4160531884976615
164058.97731995388 ; 1.412870033442678
165958.69074375596 ; 1.4096500191893337
167880.40181225623 ; 1.4063927189282257
169824.3652461746 ; 1.4030977009077341
171790.83871575893 ; 1.401743372525332
173780.08287493762 ; 1.40056969108732
175792.36139586932 ; 1.399382466176603
177827.94100389228 ; 1.3981814938493364
179887.09151287875 ; 1.3969666149179387
181970.08586099825 ; 1.3915019647408648
184077.20014689545 ; 1.3857284715975065
186208.71366628693 ; 1.379888124554374
188364.9089489802 ; 1.3739801494797943
190546.07179632483 ; 1.3682658708844138
192752.49131909365 ; 1.3632793350615184
194984.45997580455 ; 1.3582350578751465
197242.27361148535 ; 1.3531323707118208
199526.2314968879 ; 1.347970693536026
201836.63636815597 ; 1.347395891819402
204173.79446695317 ; 1.3480269245060772
206538.01558105313 ; 1.3486652642068842
208929.6130854041 ; 1.349310995533059
211348.90398366476 ; 1.3461737838814916
213796.20895022326 ; 1.339957629266433
216271.852372702 ; 1.333669494973337
218776.16239495517 ; 1.327308547516814
221309.47096056366 ; 1.3209263738258405
223872.11385683424 ; 1.314519866837214
226464.43075930618 ; 1.3080391679811667
229086.76527677747 ; 1.3014831500602189
231739.46499684796 ; 1.300869886396974
234422.88153199226 ; 1.3034459662707125
237137.37056616554 ; 1.2996397640450223
239883.29190194898 ; 1.2940380845200241
242661.00950824143 ; 1.2935871192393409
245470.89156850285 ; 1.2923640385492938
248313.3105295573 ; 1.286110716834974
251188.6431509582 ; 1.280271940372494
254097.27055493064 ; 1.2750656255259623
257039.57827688646 ; 1.2697990243948025
260015.9563165272 ; 1.2644764086718012
263026.7991895382 ; 1.2600204556714036
266072.50597988087 ; 1.2555127578763443
269153.4803926914 ; 1.2509528634008498
272270.13080779155 ; 1.2461812972479231
275422.8703338169 ; 1.2412945509825837
278612.1168629772 ; 1.2363512188623853
281838.2931264455 ; 1.2338782783078823
285101.826750391 ; 1.2333071237163353
288403.15031266055 ; 1.2327293554663203
291742.7014001166 ; 1.232144896975281
295120.9226666384 ; 1.2315540997342873
298538.2618917963 ; 1.2309559407665356
301995.1720402019 ; 1.2311149941243853
305492.11132155155 ; 1.2318423545854642
309029.5432513592 ; 1.2325781374837328
312607.9367123956 ; 1.233322440346417
316227.7660168379 ; 1.2340753618300548
319889.5109691397 ; 1.2348370017335741
323593.6569296281 ; 1.2356074610115184
327340.69487883797 ; 1.2340461309352486
331131.12148259144 ; 1.231043922100887
334965.43915782793 ; 1.228007086849389
338844.15613920277 ; 1.2249357184818799
342767.78654645046 ; 1.2218279349758616
346736.85045253165 ; 1.218684467796917
350751.8739525679 ; 1.2161751493100106
354813.3892335753 ; 1.2165811491054586
358921.934645005 ; 1.2169918526523305
363078.05477010173 ; 1.2174074265387955
367282.300498085 ; 1.2178278125440705
371535.2290971728 ; 1.21825324048115
375837.4042884443 ; 1.217494610863385
380189.39632056124 ; 1.2117499009528663
384591.78204535355 ; 1.2059386704367026
389045.1449942805 ; 1.2000601490425828
393550.07545577723 ; 1.1941135575788644
398107.17055349774 ; 1.1880983979504782
402717.0343254595 ; 1.1874258937969886
407380.27780411305 ; 1.1905596736177793
412097.5190973304 ; 1.1937297408986656
416869.3834703355 ; 1.1969365000229528
421696.5034285823 ; 1.2001801617655603
426579.5188015926 ; 1.2000495491860868
431519.07682776503 ; 1.192699424692803
436515.8322401656 ; 1.1852644010826692
441570.447353313 ; 1.1777428355201665
446683.5921509635 ; 1.1701344703374594
451855.9443749226 ; 1.1633442707090644
457088.1896148752 ; 1.1581122763691662
462381.0213992603 ; 1.1528191622519
467735.1412871981 ; 1.1474647567618201
473151.2589614803 ; 1.142048350178279
478630.092322638 ; 1.14046144357634
484172.3675840999 ; 1.1408605282317348
489778.81936844665 ; 1.1412641851293992
495450.19080479053 ; 1.1416724627628732
501187.2336272725 ; 1.1418931250492446
506990.70827470446 ; 1.1413706953834175
512861.3839913648 ; 1.1408422547222532
518800.038928961 ; 1.1403079593948553
524807.4602497723 ; 1.136065560614079
530884.444230989 ; 1.130839324594604
537031.7963702533 ; 1.125552723970984
543250.3314924336 ; 1.1247876428444685
549540.8738576248 ; 1.1282473647445694
555904.2572704037 ; 1.1317472147524175
562341.3251903491 ; 1.1352876599893087
568852.9308438413 ; 1.1388691016498795
575439.9373371566 ; 1.134150930133731
582103.217770871 ; 1.1275985647527476
588843.6553555896 ; 1.12097032655654
595662.1435290109 ; 1.114265509556072
602559.5860743581 ; 1.1105169647446622
609536.8972401693 ; 1.1119261863064591
616595.0018614822 ; 1.113351996199263
623734.8354824191 ; 1.1147942627782443
630957.344480193 ; 1.116253173573306
638263.4861905483 ; 1.1177291251548487
645654.2290346563 ; 1.1192221314223723
653130.5526474729 ; 1.1198933958988504
660693.4480075964 ; 1.11939424280847
668343.9175686149 ; 1.1188893097977106
676082.9753919819 ; 1.1183785299382492
683911.6472814293 ; 1.1178618355267678
691830.9709189363 ; 1.1173391580759826
699841.996002273 ; 1.116810428305563
707945.7843841388 ; 1.1192314100215466
716143.4102129027 ; 1.1217398835251484
724435.9600749906 ; 1.1242774037829473
732824.5331389045 ; 1.1268443071405048
741310.2413009177 ; 1.1294409338380809
749894.2093324559 ; 1.1320676280557316
758577.5750291835 ; 1.128411642737451
767361.4893618185 ; 1.124634559574418
776247.1166286912 ; 1.1208137398496627
785235.6346100726 ; 1.1169486771176689
794328.2347242822 ; 1.1130388590685585
803526.1221856177 ; 1.111234644421132
812830.5161640996 ; 1.1129092834210348
822242.6499470712 ; 1.1146033138266387
831763.7711026708 ; 1.1163174787984806
841395.1416451947 ; 1.118051125496135
851138.0382023759 ; 1.120148534413545
860993.7521846016 ; 1.1248989885529779
870963.5899560815 ; 1.1297044503588312
881048.8730080146 ; 1.134565556789863
891250.9381337459 ; 1.1394829521804655
901571.137605957 ; 1.1448467114523484
912010.8393559096 ; 1.152467693729814
922571.4271547629 ; 1.1601769228229768
933254.3007969905 ; 1.167975420581803
944060.8762859246 ; 1.1778539856352552
954992.5860214368 ; 1.191190893794383
966050.8789898141 ; 1.2000833401687163
977237.2209558112 ; 1.2052291089307623
988553.094656939 ; 1.2049604429617509
1000000.0 ; 1.2029
1011579.4542598983 ; 1.2018694285708693
1023292.9922807537 ; 1.200826923687013
1035142.1666793452 ; 1.1997723471655384
1047128.5480509007 ; 1.19870555922347
1059253.7251772897 ; 1.1976264184592214
1071519.305237607 ; 1.196534781833853
1083926.914021204 ; 1.1954305046521128
1096478.196143185 ; 1.1943134405432565
1109174.8152624008 ; 1.195033695852897
1122018.4543019629 ; 1.1964807458513542
1135010.8156723143 ; 1.1979445518990806
1148153.6214968842 ; 1.199425308021982
1161448.613840344 ; 1.2009232104926788
1174897.5549395303 ; 1.2024384578565204
1188502.2274370189 ; 1.2039712509579041
1202264.4346174132 ; 1.205521792966895
1216186.000646368 ; 1.2070902894061575
1230268.770812381 ; 1.208676948178195
1244514.6117713845 ; 1.2102819795929094
1258925.4117941686 ; 1.2119115466700057
1273503.081016663 ; 1.2135636825152218
1288249.551693135 ; 1.2152349491918886
1303166.7784523 ; 1.216925568224594
1318256.7385564074 ; 1.2186357637030596
1333521.432163324 ; 1.2203657623118433
1348962.8825916534 ; 1.2221157933603874
1364583.1365889239 ; 1.2238860888134113
1380384.2646028867 ; 1.2256768833216605
1396368.361055939 ; 1.2274884142530063
1412537.5446227554 ; 1.2295800309794491
1428893.9585111036 ; 1.231771790440488
1445439.770745928 ; 1.2339889292799544
1462177.1744567184 ; 1.2362317413772002
1479108.3881682071 ; 1.2385005240145397
1496235.6560944328 ; 1.240795577916654
1513561.2484362072 ; 1.2431172072904517
1531087.4616820319 ; 1.245465719865392
1548816.6189124826 ; 1.2478414269342726
1566751.0701081501 ; 1.250244643394492
1584893.1924611141 ; 1.2526756877897893
1603245.3906900417 ; 1.2549969660252676
1621810.09735893 ; 1.2566957097748672
1640589.7731995387 ; 1.2584141240500144
1659586.9074375597 ; 1.2601524366246606
1678804.0181225624 ; 1.2619108779102544
1698243.652461746 ; 1.263689680986283
1717908.3871575894 ; 1.265489081631168
1737800.8287493763 ; 1.267309201852289
1757923.613958693 ; 1.2691502988716454
1778279.410038923 ; 1.2710127147897254
1798870.9151287875 ; 1.2728966964677422
1819700.8586099825 ; 1.2745268165422734
1840772.0014689583 ; 1.2761598301138442
1862087.1366628695 ; 1.2778117530913724
1883649.089489802 ; 1.2794828044354596
1905460.7179632483 ; 1.2811732056421516
1927524.9131909367 ; 1.2828831807722976
1949844.5997580455 ; 1.2846129564812485
1972422.7361148535 ; 1.286362762048901
1995262.3149688789 ; 1.288132829410088
2018366.3636815597 ; 1.2876918799980115
2041737.9446695317 ; 1.2866635304345406
2065380.1558105312 ; 1.2856232731443364
2089296.1308540408 ; 1.2845709702424222
2113489.0398366475 ; 1.2835064822471873
2137962.0895022326 ; 1.2824296680619016
2162718.5237270202 ; 1.281340384956011
2187761.623949552 ; 1.28023848854622
2213094.7096056365 ; 1.2788095597468168
2238721.138568342 ; 1.277066962577353
2264644.307593062 ; 1.2753041870836719
2290867.6527677746 ; 1.2735209996117913
2317394.6499684798 ; 1.2717171638021434
2344228.8153199228 ; 1.2698924405582452
2371373.7056616554 ; 1.2680465880150076
2398832.91901949 ; 1.2661793615066748
2426610.0950824143 ; 1.264875935626209
2454708.9156850334 ; 1.2635833898784883
2483133.105295573 ; 1.2622758771564035
2511886.4315095823 ; 1.2609532241505592
2540972.7055493067 ; 1.2596152555447317
2570395.7827688647 ; 1.2582617939926322
2600159.563165272 ; 1.2568868391914783
2630267.9918953814 ; 1.254387827111819
2660725.059798809 ; 1.251859877836088
2691534.803926914 ; 1.2493026562873475
2722701.3080779156 ; 1.2467158235086504
2754228.703338169 ; 1.244099036618115
2786121.168629772 ; 1.2414519487634728
2818382.931264455 ; 1.2381216950189073
2851018.2675039098 ; 1.2342545361601074
2884031.503126606 ; 1.2303425977121867
2917427.014001166 ; 1.2263853611519406
2951209.226666384 ; 1.2223820408234125
2985382.6189179635 ; 1.2183322597772697
3019951.720402019 ; 1.2148974338592986
3054921.1132155154 ; 1.2119133451208097
3090295.432513592 ; 1.2088947022632661
3126079.367123956 ; 1.2058411051688265
3162277.6601683795 ; 1.2027521490865036
3198895.1096913973 ; 1.1996274245785148
3235936.569296281 ; 1.1964665174660107
3273406.9487883863 ; 1.193269008774177
3311311.2148259142 ; 1.1900344746767015
3349654.3915782794 ; 1.1867625011659038
3388441.5613920274 ; 1.1834527261080665
3427677.865464505 ; 1.180104625661337
3467368.504525317 ; 1.1767177560386266
3507518.7395256795 ; 1.173291668314036
3548133.892335753 ; 1.169825908363348
3589219.34645005 ; 1.1663200168038352
3630780.5477010175 ; 1.1632146454301862
3672823.00498085 ; 1.1602296218348056
3715352.290971728 ; 1.1572100332952375
3758374.0428844434 ; 1.154155479568292
3801893.9632056127 ; 1.1510655557761806
3845917.8204535353 ; 1.147939852352852
3890451.449942805 ; 1.144777954989703
3935500.7545577725 ; 1.1415794464263982
3981071.7055349774 ; 1.1383439089070166
4027170.343254595 ; 1.1359403566130708
4073802.7780411304 ; 1.1341216916563959
4120975.190973304 ; 1.1322819675520412
4168693.834703355 ; 1.1304209404465693
4216965.034285823 ; 1.128538363662853
4265795.188015926 ; 1.126633987667379
4315190.76827765 ; 1.1247075600371716
4365158.322401665 ; 1.122758825426335
4415704.473533129 ; 1.1207875255322077
4466835.921509635 ; 1.118793399061124
4518559.443749227 ; 1.1159874053344379
4570881.8961487515 ; 1.1117231254638766
4623810.213992603 ; 1.107409467559603
4677351.412871981 ; 1.1030458598509334
4731512.589614803 ; 1.0982483740935414
4786300.923226381 ; 1.0931166262163798
4841723.675840999 ; 1.0879254554994005
4897788.193684466 ; 1.0826741699740996
4954501.908047905 ; 1.0773618018558624
5011872.336272725 ; 1.07247472362297
5069907.082747044 ; 1.0694182269753223
5128613.839913649 ; 1.0663263377645478
5188000.389289609 ; 1.0631986461640806
5248074.602497723 ; 1.0600347376017865
5308844.44230989 ; 1.0564422976570773
5370317.963702532 ; 1.0504792507666265
5432503.314924336 ; 1.0444471784523393
5495408.738576248 ; 1.0383453523581039
5559042.572704037 ; 1.038077127718112
5623413.251903491 ; 1.0382702397557104
5688529.308438413 ; 1.0384655879253153
5754399.373371567 ; 1.0386631981201147
5821032.177708722 ; 1.0443840431816656
5888436.553555896 ; 1.0622799049690905
5956621.435290109 ; 1.0803829910695242
6025595.860743581 ; 1.1031109870056885
6095368.972401693 ; 1.1336716099119417
6165950.018614822 ; 1.1645861081532922
6237348.354824191 ; 1.19869686763786
6309573.44480193 ; 1.2358202027609682
6382634.861905483 ; 1.2733734058451085
6456542.290346563 ; 1.3113617372381332
6531305.526474729 ; 1.3468287515185076
6606934.480075965 ; 1.3785476615345056
6683439.175686149 ; 1.4106338592182077
6760829.753919818 ; 1.4430915975603622
6839116.472814293 ; 1.4759251787990297
6918309.709189363 ; 1.5091389549898386
6998419.960022731 ; 1.5427373285828478
7079457.843841388 ; 1.568524570222647
7161434.102129027 ; 1.5944454630931986
7244359.600749906 ; 1.6206665057571203
7328245.331389044 ; 1.6471911737852158
7413102.413009177 ; 1.6740229829935016
7498942.093324558 ; 1.7011654899092254
7585775.7502918355 ; 1.7141261904429579
7673614.893618186 ; 1.727056112340597
7762471.166286928 ; 1.7406445792619425
7852356.346100726 ; 1.7575429930669366
7943282.347242822 ; 1.7746370812816508
8035261.221856177 ; 1.7858218660834715
8128305.161640995 ; 1.7871989163922868
8222426.499470712 ; 1.7885919121921665
8317637.711026709 ; 1.7900010381231954
8413951.416451948 ; 1.7914264809634888
8511380.38202376 ; 1.7923950057617632
8609937.521846017 ; 1.7897536744145266
8709635.899560815 ; 1.7870817578917702
8810488.730080146 ; 1.7843789020338519
8912509.381337458 ; 1.781644748580156
9015711.37605957 ; 1.7789794879283847
9120108.393559096 ; 1.7768497887713945
9225714.271547629 ; 1.7746954288604286
9332543.007969905 ; 1.7725161226374142
9440608.762859246 ; 1.7703115812376715
9549925.86021437 ; 1.768081512451627
9660508.78989814 ; 1.765825620686078
9772372.209558113 ; 1.7635436069250143
9885530.94656939 ; 1.7612351686899845
1.0E7 ; 1.7589
1.0115794542598983E7 ; 1.7562367255202234
1.0232929922807537E7 ; 1.7535426117754267
1.0351421666793453E7 ; 1.7508173016637505
1.0471285480509007E7 ; 1.7480604339482928
1.0592537251772897E7 ; 1.7452716432092232
1.0715193052376071E7 ; 1.7424505597953504
1.0839269140212039E7 ; 1.7395968097751229
1.0964781961431852E7 ; 1.7367100148870673
1.109174815262401E7 ; 1.7299914189710137
1.122018454301963E7 ; 1.7217201154295358
1.1350108156723144E7 ; 1.7133530347070296
1.1481536214968842E7 ; 1.7048890677560067
1.1614486138403438E7 ; 1.7075696314780362
1.1748975549395302E7 ; 1.7121153735695611
1.188502227437019E7 ; 1.7167137528737122
1.202264434617413E7 ; 1.7243544325956706
1.2161860006463679E7 ; 1.7474366295756232
1.230268770812381E7 ; 1.7707858547517212
1.2445146117713844E7 ; 1.7944052910212647
1.2589254117941687E7 ; 1.8182983327547317
1.2735030810166629E7 ; 1.8424681083256271
1.288249551693135E7 ; 1.866917756707218
1.3031667784523001E7 ; 1.89249921529913
1.3182567385564074E7 ; 1.9215624784596406
1.333521432163324E7 ; 1.9509622783465619
1.3489628825916532E7 ; 1.980702511871524
1.3645831365889238E7 ; 2.0107871210702672
1.3803842646028867E7 ; 2.04122009362516
1.396368361055939E7 ; 2.072005463393739
1.4125375446227554E7 ; 2.081733184727761
1.4288939585111037E7 ; 2.0852988829554207
1.445439770745928E7 ; 2.088905870022612
1.4621771744567184E7 ; 2.098813691702318
1.4791083881682072E7 ; 2.111207340139128
1.4962356560944328E7 ; 2.123744500261125
1.5135612484362071E7 ; 2.130215782071521
1.5310874616820319E7 ; 2.1350179645008764
1.5488166189124828E7 ; 2.1398757535820203
1.5667510701081501E7 ; 2.1447897932096334
1.5848931924611142E7 ; 2.1497607347343455
1.6032453906900417E7 ; 2.1520961007373445
1.62181009735893E7 ; 2.141774020608641
1.6405897731995387E7 ; 2.131332416425221
1.6595869074375598E7 ; 2.1207699041637587
1.6788040181225624E7 ; 2.1100850837746927
1.698243652461746E7 ; 2.0992765389966594
1.7179083871575896E7 ; 2.0912620038470675
1.737800828749376E7 ; 2.0834442743014954
1.757923613958693E7 ; 2.075536019714234
1.7782794100389227E7 ; 2.0675361918547033
1.7988709151287872E7 ; 2.0594437303543867
1.8197008586099826E7 ; 2.0537792724683546
1.8407720014689583E7 ; 2.0481954196107264
1.8620871366628695E7 ; 2.0425469087843395
1.883649089489802E7 ; 2.036832991285203
1.905460717963248E7 ; 2.031904884790854
1.9275249131909367E7 ; 2.0294998634608223
1.9498445997580454E7 ; 2.027066993296306
1.9724227361148532E7 ; 2.0246059518229993
1.9952623149688788E7 ; 2.0221164128325206
2.0E7 ; 2.0216
